name,family,r,velocities,computed_ml,claimed,equal,witness_t,crosscheck,escalation,time_s
anchor:(1..7),anchor,,1 2 3 4 5 6 7,1/8,1/8,True,1/8,full=ok;ext3x=ok,,0.001
"anchor:GW(1,4,5,6,7,11,13)",anchor,,1 4 5 6 7 11 13,1/8,1/8,True,1/8,full=ok;ext3x=ok,,0.002
"anchor:GW(1,2,3,4,5,7,12)",anchor,,1 2 3 4 5 7 12,1/8,1/8,True,1/8,full=ok;ext3x=ok,,0.002
"sporadic:(2,7,9,11,13,20,54)",sporadic,,2 7 9 11 13 20 54,9/65,9/65,True,11/65,full=ok;ext3x=ok,,0.299
A:r=1,A,1,1 2 3 4 5 7 18,3/23,3/23,True,4/23,full=ok;ext3x=ok,,0.003
A:r=2,A,2,1 2 3 4 5 7 24,4/29,4/29,True,5/29,full=ok;ext3x=ok,,0.093
A:r=3,A,3,1 2 3 4 5 7 30,1/7,1/7,True,6/35,full=ok;ext3x=ok,,0.011
A:r=4,A,4,1 2 3 4 5 7 36,6/41,6/41,True,7/41,full=ok,,0.001
A:r=5,A,5,1 2 3 4 5 7 42,7/47,7/47,True,8/47,full=ok,,0.089
A:r=6,A,6,1 2 3 4 5 7 48,8/53,8/53,True,9/53,full=ok,,0.003
A:r=7,A,7,1 2 3 4 5 7 54,9/59,9/59,True,10/59,full=ok,,0.004
A:r=8,A,8,1 2 3 4 5 7 60,2/13,2/13,True,11/65,full=ok,,0.004
A:r=9,A,9,1 2 3 4 5 7 66,11/71,11/71,True,12/71,full=ok,,0.092
A:r=10,A,10,1 2 3 4 5 7 72,12/77,12/77,True,13/77,full=ok,,0.006
A:r=11,A,11,1 2 3 4 5 7 78,13/83,13/83,True,14/83,full=ok,,0.093
A:r=12,A,12,1 2 3 4 5 7 84,14/89,14/89,True,15/89,full=ok,,0.007
A:r=13,A,13,1 2 3 4 5 7 90,3/19,3/19,True,16/95,full=ok,,0.095
A:r=14,A,14,1 2 3 4 5 7 96,16/101,16/101,True,17/101,full=ok,,0.095
A:r=15,A,15,1 2 3 4 5 7 102,17/107,17/107,True,18/107,full=ok,,0.008
A:r=16,A,16,1 2 3 4 5 7 108,18/113,18/113,True,19/113,full=ok,,0.099
A:r=17,A,17,1 2 3 4 5 7 114,19/119,19/119,True,20/119,full=ok,,0.193
A:r=18,A,18,1 2 3 4 5 7 120,4/25,4/25,True,21/125,full=ok,,0.011
A:r=19,A,19,1 2 3 4 5 7 126,21/131,21/131,True,22/131,full=ok,,0.189
A:r=20,A,20,1 2 3 4 5 7 132,22/137,22/137,True,23/137,full=ok,,0.105
A:r=21,A,21,1 2 3 4 5 7 138,23/143,23/143,True,24/143,full=ok,,0.3
A:r=22,A,22,1 2 3 4 5 7 144,24/149,24/149,True,25/149,full=ok,,0.395
A:r=23,A,23,1 2 3 4 5 7 150,5/31,5/31,True,26/155,full=ok,,0.299
A:r=24,A,24,1 2 3 4 5 7 156,26/161,26/161,True,27/161,full=ok,,0.401
A:r=25,A,25,1 2 3 4 5 7 162,27/167,27/167,True,28/167,full=ok,,0.4
A:r=26,A,26,1 2 3 4 5 7 168,28/173,28/173,True,29/173,full=ok,,0.304
A:r=27,A,27,1 2 3 4 5 7 174,29/179,29/179,True,30/179,full=ok,,0.296
A:r=28,A,28,1 2 3 4 5 7 180,6/37,6/37,True,31/185,full=ok,,0.304
A:r=29,A,29,1 2 3 4 5 7 186,31/191,31/191,True,32/191,full=ok,,0.396
A:r=30,A,30,1 2 3 4 5 7 192,32/197,32/197,True,33/197,full=ok,,0.305
A:r=31,A,31,1 2 3 4 5 7 198,33/203,33/203,True,34/203,full=ok,,0.4
A:r=32,A,32,1 2 3 4 5 7 204,34/209,34/209,True,35/209,full=ok,,0.396
A:r=33,A,33,1 2 3 4 5 7 210,7/43,7/43,True,36/215,full=ok,,0.4
A:r=34,A,34,1 2 3 4 5 7 216,36/221,36/221,True,37/221,full=ok,,0.309
A:r=35,A,35,1 2 3 4 5 7 222,37/227,37/227,True,38/227,full=ok,,0.4
A:r=36,A,36,1 2 3 4 5 7 228,38/233,38/233,True,39/233,full=ok,,0.491
A:r=37,A,37,1 2 3 4 5 7 234,39/239,39/239,True,40/239,full=ok,,0.405
A:r=38,A,38,1 2 3 4 5 7 240,8/49,8/49,True,41/245,full=ok,,0.593
A:r=39,A,39,1 2 3 4 5 7 246,41/251,41/251,True,42/251,full=ok,,0.499
A:r=40,A,40,1 2 3 4 5 7 252,42/257,42/257,True,43/257,full=ok,,0.8
A:r=41,A,41,1 2 3 4 5 7 258,43/263,43/263,True,44/263,,,0.002
A:r=42,A,42,1 2 3 4 5 7 264,44/269,44/269,True,45/269,,,0.002
A:r=43,A,43,1 2 3 4 5 7 270,9/55,9/55,True,46/275,,,0.002
A:r=44,A,44,1 2 3 4 5 7 276,46/281,46/281,True,47/281,,,0.001
A:r=45,A,45,1 2 3 4 5 7 282,47/287,47/287,True,48/287,,,0.001
A:r=46,A,46,1 2 3 4 5 7 288,48/293,48/293,True,49/293,,,0.001
A:r=47,A,47,1 2 3 4 5 7 294,49/299,49/299,True,50/299,,,0.001
A:r=48,A,48,1 2 3 4 5 7 300,10/61,10/61,True,51/305,,,0.001
A:r=49,A,49,1 2 3 4 5 7 306,51/311,51/311,True,52/311,,,0.089
A:r=50,A,50,1 2 3 4 5 7 312,52/317,52/317,True,53/317,,,0.002
A:r=51,A,51,1 2 3 4 5 7 318,53/323,53/323,True,54/323,,,0.003
A:r=52,A,52,1 2 3 4 5 7 324,54/329,54/329,True,55/329,,,0.003
A:r=53,A,53,1 2 3 4 5 7 330,11/67,11/67,True,56/335,,,0.003
A:r=54,A,54,1 2 3 4 5 7 336,56/341,56/341,True,57/341,,,0.09
A:r=55,A,55,1 2 3 4 5 7 342,57/347,57/347,True,58/347,,,0.003
A:r=56,A,56,1 2 3 4 5 7 348,58/353,58/353,True,59/353,,,0.003
A:r=57,A,57,1 2 3 4 5 7 354,59/359,59/359,True,60/359,,,0.003
A:r=58,A,58,1 2 3 4 5 7 360,12/73,12/73,True,61/365,,,0.09
A:r=59,A,59,1 2 3 4 5 7 366,61/371,61/371,True,62/371,,,0.003
A:r=60,A,60,1 2 3 4 5 7 372,62/377,62/377,True,63/377,,,0.003
A:r=61,A,61,1 2 3 4 5 7 378,63/383,63/383,True,64/383,,,0.096
A:r=62,A,62,1 2 3 4 5 7 384,64/389,64/389,True,65/389,,,0.003
A:r=63,A,63,1 2 3 4 5 7 390,13/79,13/79,True,66/395,,,0.096
A:r=64,A,64,1 2 3 4 5 7 396,66/401,66/401,True,67/401,,,0.003
A:r=65,A,65,1 2 3 4 5 7 402,67/407,67/407,True,68/407,,,0.003
A:r=66,A,66,1 2 3 4 5 7 408,68/413,68/413,True,69/413,,,0.003
A:r=67,A,67,1 2 3 4 5 7 414,69/419,69/419,True,70/419,,,0.091
A:r=68,A,68,1 2 3 4 5 7 420,14/85,14/85,True,71/425,,,0.004
A:r=69,A,69,1 2 3 4 5 7 426,71/431,71/431,True,72/431,,,0.096
A:r=70,A,70,1 2 3 4 5 7 432,72/437,72/437,True,73/437,,,0.004
A:r=71,A,71,1 2 3 4 5 7 438,73/443,73/443,True,74/443,,,0.097
A:r=72,A,72,1 2 3 4 5 7 444,74/449,74/449,True,75/449,,,0.004
A:r=73,A,73,1 2 3 4 5 7 450,15/91,15/91,True,76/455,,,0.097
A:r=74,A,74,1 2 3 4 5 7 456,76/461,76/461,True,77/461,,,0.004
A:r=75,A,75,1 2 3 4 5 7 462,77/467,77/467,True,78/467,,,0.097
A:r=76,A,76,1 2 3 4 5 7 468,78/473,78/473,True,79/473,,,0.097
A:r=77,A,77,1 2 3 4 5 7 474,79/479,79/479,True,80/479,,,0.004
A:r=78,A,78,1 2 3 4 5 7 480,16/97,16/97,True,81/485,,,0.097
A:r=79,A,79,1 2 3 4 5 7 486,81/491,81/491,True,82/491,,,0.004
A:r=80,A,80,1 2 3 4 5 7 492,82/497,82/497,True,83/497,,,0.003
A:r=81,A,81,1 2 3 4 5 7 498,83/503,83/503,True,84/503,,,0.002
A:r=82,A,82,1 2 3 4 5 7 504,84/509,84/509,True,85/509,,,0.091
A:r=83,A,83,1 2 3 4 5 7 510,17/103,17/103,True,86/515,,,0.004
A:r=84,A,84,1 2 3 4 5 7 516,86/521,86/521,True,87/521,,,0.097
A:r=85,A,85,1 2 3 4 5 7 522,87/527,87/527,True,88/527,,,0.004
A:r=86,A,86,1 2 3 4 5 7 528,88/533,88/533,True,89/533,,,0.097
A:r=87,A,87,1 2 3 4 5 7 534,89/539,89/539,True,90/539,,,0.004
A:r=88,A,88,1 2 3 4 5 7 540,18/109,18/109,True,91/545,,,0.005
A:r=89,A,89,1 2 3 4 5 7 546,91/551,91/551,True,92/551,,,0.092
A:r=90,A,90,1 2 3 4 5 7 552,92/557,92/557,True,93/557,,,0.096
A:r=91,A,91,1 2 3 4 5 7 558,93/563,93/563,True,94/563,,,0.004
A:r=92,A,92,1 2 3 4 5 7 564,94/569,94/569,True,95/569,,,0.097
A:r=93,A,93,1 2 3 4 5 7 570,19/115,19/115,True,96/575,,,0.005
A:r=94,A,94,1 2 3 4 5 7 576,96/581,96/581,True,97/581,,,0.004
A:r=95,A,95,1 2 3 4 5 7 582,97/587,97/587,True,98/587,,,0.092
A:r=96,A,96,1 2 3 4 5 7 588,98/593,98/593,True,99/593,,,0.097
A:r=97,A,97,1 2 3 4 5 7 594,99/599,99/599,True,100/599,,,0.005
A:r=98,A,98,1 2 3 4 5 7 600,20/121,20/121,True,101/605,,,0.005
A:r=99,A,99,1 2 3 4 5 7 606,101/611,101/611,True,102/611,,,0.091
A:r=100,A,100,1 2 3 4 5 7 612,102/617,102/617,True,103/617,,,0.005
A:r=101,A,101,1 2 3 4 5 7 618,103/623,103/623,True,104/623,,,0.003
A:r=102,A,102,1 2 3 4 5 7 624,104/629,104/629,True,105/629,,,0.092
A:r=103,A,103,1 2 3 4 5 7 630,21/127,21/127,True,106/635,,,0.098
A:r=104,A,104,1 2 3 4 5 7 636,106/641,106/641,True,107/641,,,0.005
A:r=105,A,105,1 2 3 4 5 7 642,107/647,107/647,True,108/647,,,0.099
A:r=106,A,106,1 2 3 4 5 7 648,108/653,108/653,True,109/653,,,0.099
A:r=107,A,107,1 2 3 4 5 7 654,109/659,109/659,True,110/659,,,0.006
A:r=108,A,108,1 2 3 4 5 7 660,22/133,22/133,True,111/665,,,0.093
A:r=109,A,109,1 2 3 4 5 7 666,111/671,111/671,True,112/671,,,0.099
A:r=110,A,110,1 2 3 4 5 7 672,112/677,112/677,True,113/677,,,0.1
A:r=111,A,111,1 2 3 4 5 7 678,113/683,113/683,True,114/683,,,0.007
A:r=112,A,112,1 2 3 4 5 7 684,114/689,114/689,True,115/689,,,0.003
A:r=113,A,113,1 2 3 4 5 7 690,23/139,23/139,True,116/695,,,0.09
A:r=114,A,114,1 2 3 4 5 7 696,116/701,116/701,True,117/701,,,0.007
A:r=115,A,115,1 2 3 4 5 7 702,117/707,117/707,True,118/707,,,0.094
A:r=116,A,116,1 2 3 4 5 7 708,118/713,118/713,True,119/713,,,0.1
A:r=117,A,117,1 2 3 4 5 7 714,119/719,119/719,True,120/719,,,0.007
A:r=118,A,118,1 2 3 4 5 7 720,24/145,24/145,True,121/725,,,0.094
A:r=119,A,119,1 2 3 4 5 7 726,121/731,121/731,True,122/731,,,0.007
A:r=120,A,120,1 2 3 4 5 7 732,122/737,122/737,True,123/737,,,0.094
A:r=121,A,121,1 2 3 4 5 7 738,123/743,123/743,True,124/743,,,0.007
A:r=122,A,122,1 2 3 4 5 7 744,124/749,124/749,True,125/749,,,0.095
A:r=123,A,123,1 2 3 4 5 7 750,25/151,25/151,True,126/755,,,0.095
A:r=124,A,124,1 2 3 4 5 7 756,126/761,126/761,True,127/761,,,0.007
A:r=125,A,125,1 2 3 4 5 7 762,127/767,127/767,True,128/767,,,0.095
A:r=126,A,126,1 2 3 4 5 7 768,128/773,128/773,True,129/773,,,0.008
A:r=127,A,127,1 2 3 4 5 7 774,129/779,129/779,True,130/779,,,0.095
A:r=128,A,128,1 2 3 4 5 7 780,26/157,26/157,True,131/785,,,0.095
A:r=129,A,129,1 2 3 4 5 7 786,131/791,131/791,True,132/791,,,0.008
A:r=130,A,130,1 2 3 4 5 7 792,132/797,132/797,True,133/797,,,0.095
A:r=131,A,131,1 2 3 4 5 7 798,133/803,133/803,True,134/803,,,0.008
A:r=132,A,132,1 2 3 4 5 7 804,134/809,134/809,True,135/809,,,0.095
A:r=133,A,133,1 2 3 4 5 7 810,27/163,27/163,True,136/815,,,0.095
A:r=134,A,134,1 2 3 4 5 7 816,136/821,136/821,True,137/821,,,0.008
A:r=135,A,135,1 2 3 4 5 7 822,137/827,137/827,True,138/827,,,0.095
A:r=136,A,136,1 2 3 4 5 7 828,138/833,138/833,True,139/833,,,0.095
A:r=137,A,137,1 2 3 4 5 7 834,139/839,139/839,True,140/839,,,0.008
A:r=138,A,138,1 2 3 4 5 7 840,28/169,28/169,True,141/845,,,0.096
A:r=139,A,139,1 2 3 4 5 7 846,141/851,141/851,True,142/851,,,0.102
A:r=140,A,140,1 2 3 4 5 7 852,142/857,142/857,True,143/857,,,0.096
A:r=141,A,141,1 2 3 4 5 7 858,143/863,143/863,True,144/863,,,0.009
A:r=142,A,142,1 2 3 4 5 7 864,144/869,144/869,True,145/869,,,0.096
A:r=143,A,143,1 2 3 4 5 7 870,29/175,29/175,True,146/875,,,0.096
A:r=144,A,144,1 2 3 4 5 7 876,146/881,146/881,True,147/881,,,0.102
A:r=145,A,145,1 2 3 4 5 7 882,147/887,147/887,True,148/887,,,0.096
A:r=146,A,146,1 2 3 4 5 7 888,148/893,148/893,True,149/893,,,0.009
A:r=147,A,147,1 2 3 4 5 7 894,149/899,149/899,True,150/899,,,0.096
A:r=148,A,148,1 2 3 4 5 7 900,30/181,30/181,True,151/905,,,0.096
A:r=149,A,149,1 2 3 4 5 7 906,151/911,151/911,True,152/911,,,0.1
A:r=150,A,150,1 2 3 4 5 7 912,152/917,152/917,True,153/917,,,0.008
A:r=151,A,151,1 2 3 4 5 7 918,153/923,153/923,True,154/923,,,0.097
A:r=152,A,152,1 2 3 4 5 7 924,154/929,154/929,True,155/929,,,0.096
A:r=153,A,153,1 2 3 4 5 7 930,31/187,31/187,True,156/935,,,0.009
A:r=154,A,154,1 2 3 4 5 7 936,156/941,156/941,True,157/941,,,0.096
A:r=155,A,155,1 2 3 4 5 7 942,157/947,157/947,True,158/947,,,0.096
A:r=156,A,156,1 2 3 4 5 7 948,158/953,158/953,True,159/953,,,0.102
A:r=157,A,157,1 2 3 4 5 7 954,159/959,159/959,True,160/959,,,0.097
A:r=158,A,158,1 2 3 4 5 7 960,32/193,32/193,True,161/965,,,0.097
A:r=159,A,159,1 2 3 4 5 7 966,161/971,161/971,True,162/971,,,0.008
A:r=160,A,160,1 2 3 4 5 7 972,162/977,162/977,True,163/977,,,0.098
A:r=161,A,161,1 2 3 4 5 7 978,163/983,163/983,True,164/983,,,0.097
A:r=162,A,162,1 2 3 4 5 7 984,164/989,164/989,True,165/989,,,0.01
A:r=163,A,163,1 2 3 4 5 7 990,33/199,33/199,True,166/995,,,0.097
A:r=164,A,164,1 2 3 4 5 7 996,166/1001,166/1001,True,167/1001,,,0.097
A:r=165,A,165,1 2 3 4 5 7 1002,167/1007,167/1007,True,168/1007,,,0.097
A:r=166,A,166,1 2 3 4 5 7 1008,168/1013,168/1013,True,169/1013,,,0.006
A:r=167,A,167,1 2 3 4 5 7 1014,169/1019,169/1019,True,170/1019,,,0.093
A:r=168,A,168,1 2 3 4 5 7 1020,34/205,34/205,True,171/1025,,,0.097
A:r=169,A,169,1 2 3 4 5 7 1026,171/1031,171/1031,True,172/1031,,,0.01
A:r=170,A,170,1 2 3 4 5 7 1032,172/1037,172/1037,True,173/1037,,,0.19
A:r=171,A,171,1 2 3 4 5 7 1038,173/1043,173/1043,True,174/1043,,,0.01
A:r=172,A,172,1 2 3 4 5 7 1044,174/1049,174/1049,True,175/1049,,,0.098
A:r=173,A,173,1 2 3 4 5 7 1050,35/211,35/211,True,176/1055,,,0.098
A:r=174,A,174,1 2 3 4 5 7 1056,176/1061,176/1061,True,177/1061,,,0.096
A:r=175,A,175,1 2 3 4 5 7 1062,177/1067,177/1067,True,178/1067,,,0.098
A:r=176,A,176,1 2 3 4 5 7 1068,178/1073,178/1073,True,179/1073,,,0.011
A:r=177,A,177,1 2 3 4 5 7 1074,179/1079,179/1079,True,180/1079,,,0.191
A:r=178,A,178,1 2 3 4 5 7 1080,36/217,36/217,True,181/1085,,,0.197
A:r=179,A,179,1 2 3 4 5 7 1086,181/1091,181/1091,True,182/1091,,,0.006
A:r=180,A,180,1 2 3 4 5 7 1092,182/1097,182/1097,True,183/1097,,,0.099
A:r=181,A,181,1 2 3 4 5 7 1098,183/1103,183/1103,True,184/1103,,,0.006
A:r=182,A,182,1 2 3 4 5 7 1104,184/1109,184/1109,True,185/1109,,,0.093
A:r=183,A,183,1 2 3 4 5 7 1110,37/223,37/223,True,186/1115,,,0.103
A:r=184,A,184,1 2 3 4 5 7 1116,186/1121,186/1121,True,187/1121,,,0.096
A:r=185,A,185,1 2 3 4 5 7 1122,187/1127,187/1127,True,188/1127,,,0.103
A:r=186,A,186,1 2 3 4 5 7 1128,188/1133,188/1133,True,189/1133,,,0.196
A:r=187,A,187,1 2 3 4 5 7 1134,189/1139,189/1139,True,190/1139,,,0.102
A:r=188,A,188,1 2 3 4 5 7 1140,38/229,38/229,True,191/1145,,,0.297
A:r=189,A,189,1 2 3 4 5 7 1146,191/1151,191/1151,True,192/1151,,,0.104
A:r=190,A,190,1 2 3 4 5 7 1152,192/1157,192/1157,True,193/1157,,,0.098
A:r=191,A,191,1 2 3 4 5 7 1158,193/1163,193/1163,True,194/1163,,,0.1
A:r=192,A,192,1 2 3 4 5 7 1164,194/1169,194/1169,True,195/1169,,,0.1
A:r=193,A,193,1 2 3 4 5 7 1170,39/235,39/235,True,196/1175,,,0.099
A:r=194,A,194,1 2 3 4 5 7 1176,196/1181,196/1181,True,197/1181,,,0.008
A:r=195,A,195,1 2 3 4 5 7 1182,197/1187,197/1187,True,198/1187,,,0.096
A:r=196,A,196,1 2 3 4 5 7 1188,198/1193,198/1193,True,199/1193,,,0.006
A:r=197,A,197,1 2 3 4 5 7 1194,199/1199,199/1199,True,200/1199,,,0.098
A:r=198,A,198,1 2 3 4 5 7 1200,40/241,40/241,True,201/1205,,,0.099
A:r=199,A,199,1 2 3 4 5 7 1206,201/1211,201/1211,True,202/1211,,,0.098
A:r=200,A,200,1 2 3 4 5 7 1212,202/1217,202/1217,True,203/1217,,,0.098
A:r=201,A,201,1 2 3 4 5 7 1218,203/1223,203/1223,True,204/1223,,,0.101
A:r=202,A,202,1 2 3 4 5 7 1224,204/1229,204/1229,True,205/1229,,,0.1
A:r=203,A,203,1 2 3 4 5 7 1230,41/247,41/247,True,206/1235,,,0.105
A:r=204,A,204,1 2 3 4 5 7 1236,206/1241,206/1241,True,207/1241,,,0.192
A:r=205,A,205,1 2 3 4 5 7 1242,207/1247,207/1247,True,208/1247,,,0.101
A:r=206,A,206,1 2 3 4 5 7 1248,208/1253,208/1253,True,209/1253,,,0.106
A:r=207,A,207,1 2 3 4 5 7 1254,209/1259,209/1259,True,210/1259,,,0.098
A:r=208,A,208,1 2 3 4 5 7 1260,42/253,42/253,True,211/1265,,,0.193
A:r=209,A,209,1 2 3 4 5 7 1266,211/1271,211/1271,True,212/1271,,,0.009
A:r=210,A,210,1 2 3 4 5 7 1272,212/1277,212/1277,True,213/1277,,,0.098
A:r=211,A,211,1 2 3 4 5 7 1278,213/1283,213/1283,True,214/1283,,,0.101
A:r=212,A,212,1 2 3 4 5 7 1284,214/1289,214/1289,True,215/1289,,,0.101
A:r=213,A,213,1 2 3 4 5 7 1290,43/259,43/259,True,216/1295,,,0.099
A:r=214,A,214,1 2 3 4 5 7 1296,216/1301,216/1301,True,217/1301,,,0.1
A:r=215,A,215,1 2 3 4 5 7 1302,217/1307,217/1307,True,218/1307,,,0.099
A:r=216,A,216,1 2 3 4 5 7 1308,218/1313,218/1313,True,219/1313,,,0.098
A:r=217,A,217,1 2 3 4 5 7 1314,219/1319,219/1319,True,220/1319,,,0.103
A:r=218,A,218,1 2 3 4 5 7 1320,44/265,44/265,True,221/1325,,,0.096
A:r=219,A,219,1 2 3 4 5 7 1326,221/1331,221/1331,True,222/1331,,,0.101
A:r=220,A,220,1 2 3 4 5 7 1332,222/1337,222/1337,True,223/1337,,,0.194
A:r=221,A,221,1 2 3 4 5 7 1338,223/1343,223/1343,True,224/1343,,,0.01
A:r=222,A,222,1 2 3 4 5 7 1344,224/1349,224/1349,True,225/1349,,,0.098
A:r=223,A,223,1 2 3 4 5 7 1350,45/271,45/271,True,226/1355,,,0.194
A:r=224,A,224,1 2 3 4 5 7 1356,226/1361,226/1361,True,227/1361,,,0.101
A:r=225,A,225,1 2 3 4 5 7 1362,227/1367,227/1367,True,228/1367,,,0.101
A:r=226,A,226,1 2 3 4 5 7 1368,228/1373,228/1373,True,229/1373,,,0.101
A:r=227,A,227,1 2 3 4 5 7 1374,229/1379,229/1379,True,230/1379,,,0.101
A:r=228,A,228,1 2 3 4 5 7 1380,46/277,46/277,True,231/1385,,,0.101
A:r=229,A,229,1 2 3 4 5 7 1386,231/1391,231/1391,True,232/1391,,,0.099
A:r=230,A,230,1 2 3 4 5 7 1392,232/1397,232/1397,True,233/1397,,,0.096
A:r=231,A,231,1 2 3 4 5 7 1398,233/1403,233/1403,True,234/1403,,,0.102
A:r=232,A,232,1 2 3 4 5 7 1404,234/1409,234/1409,True,235/1409,,,0.102
A:r=233,A,233,1 2 3 4 5 7 1410,47/283,47/283,True,236/1415,,,0.102
A:r=234,A,234,1 2 3 4 5 7 1416,236/1421,236/1421,True,237/1421,,,0.102
A:r=235,A,235,1 2 3 4 5 7 1422,237/1427,237/1427,True,238/1427,,,0.189
A:r=236,A,236,1 2 3 4 5 7 1428,238/1433,238/1433,True,239/1433,,,0.102
A:r=237,A,237,1 2 3 4 5 7 1434,239/1439,239/1439,True,240/1439,,,0.108
A:r=238,A,238,1 2 3 4 5 7 1440,48/289,48/289,True,241/1445,,,0.102
A:r=239,A,239,1 2 3 4 5 7 1446,241/1451,241/1451,True,242/1451,,,0.189
A:r=240,A,240,1 2 3 4 5 7 1452,242/1457,242/1457,True,243/1457,,,0.108
A:r=241,A,241,1 2 3 4 5 7 1458,243/1463,243/1463,True,244/1463,,,0.102
A:r=242,A,242,1 2 3 4 5 7 1464,244/1469,244/1469,True,245/1469,,,0.19
A:r=243,A,243,1 2 3 4 5 7 1470,49/295,49/295,True,246/1475,,,0.102
A:r=244,A,244,1 2 3 4 5 7 1476,246/1481,246/1481,True,247/1481,,,0.102
A:r=245,A,245,1 2 3 4 5 7 1482,247/1487,247/1487,True,248/1487,,,0.102
A:r=246,A,246,1 2 3 4 5 7 1488,248/1493,248/1493,True,249/1493,,,0.102
A:r=247,A,247,1 2 3 4 5 7 1494,249/1499,249/1499,True,250/1499,,,0.19
A:r=248,A,248,1 2 3 4 5 7 1500,50/301,50/301,True,251/1505,,,0.103
A:r=249,A,249,1 2 3 4 5 7 1506,251/1511,251/1511,True,252/1511,,,0.103
A:r=250,A,250,1 2 3 4 5 7 1512,252/1517,252/1517,True,253/1517,,,0.196
A:r=251,A,251,1 2 3 4 5 7 1518,253/1523,253/1523,True,254/1523,,,0.109
A:r=252,A,252,1 2 3 4 5 7 1524,254/1529,254/1529,True,255/1529,,,0.196
A:r=253,A,253,1 2 3 4 5 7 1530,51/307,51/307,True,256/1535,,,0.103
A:r=254,A,254,1 2 3 4 5 7 1536,256/1541,256/1541,True,257/1541,,,0.103
A:r=255,A,255,1 2 3 4 5 7 1542,257/1547,257/1547,True,258/1547,,,0.19
A:r=256,A,256,1 2 3 4 5 7 1548,258/1553,258/1553,True,259/1553,,,0.103
A:r=257,A,257,1 2 3 4 5 7 1554,259/1559,259/1559,True,260/1559,,,0.102
A:r=258,A,258,1 2 3 4 5 7 1560,52/313,52/313,True,261/1565,,,0.097
A:r=259,A,259,1 2 3 4 5 7 1566,261/1571,261/1571,True,262/1571,,,0.105
A:r=260,A,260,1 2 3 4 5 7 1572,262/1577,262/1577,True,263/1577,,,0.1
A:r=261,A,261,1 2 3 4 5 7 1578,263/1583,263/1583,True,264/1583,,,0.191
A:r=262,A,262,1 2 3 4 5 7 1584,264/1589,264/1589,True,265/1589,,,0.11
A:r=263,A,263,1 2 3 4 5 7 1590,53/319,53/319,True,266/1595,,,0.191
A:r=264,A,264,1 2 3 4 5 7 1596,266/1601,266/1601,True,267/1601,,,0.11
A:r=265,A,265,1 2 3 4 5 7 1602,267/1607,267/1607,True,268/1607,,,0.191
A:r=266,A,266,1 2 3 4 5 7 1608,268/1613,268/1613,True,269/1613,,,0.203
A:r=267,A,267,1 2 3 4 5 7 1614,269/1619,269/1619,True,270/1619,,,0.198
A:r=268,A,268,1 2 3 4 5 7 1620,54/325,54/325,True,271/1625,,,0.105
A:r=269,A,269,1 2 3 4 5 7 1626,271/1631,271/1631,True,272/1631,,,0.193
A:r=270,A,270,1 2 3 4 5 7 1632,272/1637,272/1637,True,273/1637,,,0.202
A:r=271,A,271,1 2 3 4 5 7 1638,273/1643,273/1643,True,274/1643,,,0.099
A:r=272,A,272,1 2 3 4 5 7 1644,274/1649,274/1649,True,275/1649,,,0.107
A:r=273,A,273,1 2 3 4 5 7 1650,55/331,55/331,True,276/1655,,,0.191
A:r=274,A,274,1 2 3 4 5 7 1656,276/1661,276/1661,True,277/1661,,,0.108
A:r=275,A,275,1 2 3 4 5 7 1662,277/1667,277/1667,True,278/1667,,,0.195
A:r=276,A,276,1 2 3 4 5 7 1668,278/1673,278/1673,True,279/1673,,,0.107
A:r=277,A,277,1 2 3 4 5 7 1674,279/1679,279/1679,True,280/1679,,,0.102
A:r=278,A,278,1 2 3 4 5 7 1680,56/337,56/337,True,281/1685,,,0.189
A:r=279,A,279,1 2 3 4 5 7 1686,281/1691,281/1691,True,282/1691,,,0.201
A:r=280,A,280,1 2 3 4 5 7 1692,282/1697,282/1697,True,283/1697,,,0.106
A:r=281,A,281,1 2 3 4 5 7 1698,283/1703,283/1703,True,284/1703,,,0.097
A:r=282,A,282,1 2 3 4 5 7 1704,284/1709,284/1709,True,285/1709,,,0.296
A:r=283,A,283,1 2 3 4 5 7 1710,57/343,57/343,True,286/1715,,,0.011
A:r=284,A,284,1 2 3 4 5 7 1716,286/1721,286/1721,True,287/1721,,,0.289
A:r=285,A,285,1 2 3 4 5 7 1722,287/1727,287/1727,True,288/1727,,,0.102
A:r=286,A,286,1 2 3 4 5 7 1728,288/1733,288/1733,True,289/1733,,,0.103
A:r=287,A,287,1 2 3 4 5 7 1734,289/1739,289/1739,True,290/1739,,,0.196
A:r=288,A,288,1 2 3 4 5 7 1740,58/349,58/349,True,291/1745,,,0.202
A:r=289,A,289,1 2 3 4 5 7 1746,291/1751,291/1751,True,292/1751,,,0.099
A:r=290,A,290,1 2 3 4 5 7 1752,292/1757,292/1757,True,293/1757,,,0.199
A:r=291,A,291,1 2 3 4 5 7 1758,293/1763,293/1763,True,294/1763,,,0.103
A:r=292,A,292,1 2 3 4 5 7 1764,294/1769,294/1769,True,295/1769,,,0.099
A:r=293,A,293,1 2 3 4 5 7 1770,59/355,59/355,True,296/1775,,,0.108
A:r=294,A,294,1 2 3 4 5 7 1776,296/1781,296/1781,True,297/1781,,,0.289
A:r=295,A,295,1 2 3 4 5 7 1782,297/1787,297/1787,True,298/1787,,,0.109
A:r=296,A,296,1 2 3 4 5 7 1788,298/1793,298/1793,True,299/1793,,,0.102
A:r=297,A,297,1 2 3 4 5 7 1794,299/1799,299/1799,True,300/1799,,,0.289
A:r=298,A,298,1 2 3 4 5 7 1800,60/361,60/361,True,301/1805,,,0.101
A:r=299,A,299,1 2 3 4 5 7 1806,301/1811,301/1811,True,302/1811,,,0.109
A:r=300,A,300,1 2 3 4 5 7 1812,302/1817,302/1817,True,303/1817,,,0.196
A:r=301,A,301,1 2 3 4 5 7 1818,303/1823,303/1823,True,304/1823,,,0.197
A:r=302,A,302,1 2 3 4 5 7 1824,304/1829,304/1829,True,305/1829,,,0.197
A:r=303,A,303,1 2 3 4 5 7 1830,61/367,61/367,True,306/1835,,,0.103
A:r=304,A,304,1 2 3 4 5 7 1836,306/1841,306/1841,True,307/1841,,,0.197
A:r=305,A,305,1 2 3 4 5 7 1842,307/1847,307/1847,True,308/1847,,,0.206
A:r=306,A,306,1 2 3 4 5 7 1848,308/1853,308/1853,True,309/1853,,,0.2
A:r=307,A,307,1 2 3 4 5 7 1854,309/1859,309/1859,True,310/1859,,,0.194
A:r=308,A,308,1 2 3 4 5 7 1860,62/373,62/373,True,311/1865,,,0.104
A:r=309,A,309,1 2 3 4 5 7 1866,311/1871,311/1871,True,312/1871,,,0.097
A:r=310,A,310,1 2 3 4 5 7 1872,312/1877,312/1877,True,313/1877,,,0.206
A:r=311,A,311,1 2 3 4 5 7 1878,313/1883,313/1883,True,314/1883,,,0.104
A:r=312,A,312,1 2 3 4 5 7 1884,314/1889,314/1889,True,315/1889,,,0.101
A:r=313,A,313,1 2 3 4 5 7 1890,63/379,63/379,True,316/1895,,,0.191
A:r=314,A,314,1 2 3 4 5 7 1896,316/1901,316/1901,True,317/1901,,,0.104
A:r=315,A,315,1 2 3 4 5 7 1902,317/1907,317/1907,True,318/1907,,,0.103
A:r=316,A,316,1 2 3 4 5 7 1908,318/1913,318/1913,True,319/1913,,,0.198
A:r=317,A,317,1 2 3 4 5 7 1914,319/1919,319/1919,True,320/1919,,,0.291
A:r=318,A,318,1 2 3 4 5 7 1920,64/385,64/385,True,321/1925,,,0.104
A:r=319,A,319,1 2 3 4 5 7 1926,321/1931,321/1931,True,322/1931,,,0.198
A:r=320,A,320,1 2 3 4 5 7 1932,322/1937,322/1937,True,323/1937,,,0.105
A:r=321,A,321,1 2 3 4 5 7 1938,323/1943,323/1943,True,324/1943,,,0.104
A:r=322,A,322,1 2 3 4 5 7 1944,324/1949,324/1949,True,325/1949,,,0.199
A:r=323,A,323,1 2 3 4 5 7 1950,65/391,65/391,True,326/1955,,,0.198
A:r=324,A,324,1 2 3 4 5 7 1956,326/1961,326/1961,True,327/1961,,,0.198
A:r=325,A,325,1 2 3 4 5 7 1962,327/1967,327/1967,True,328/1967,,,0.198
A:r=326,A,326,1 2 3 4 5 7 1968,328/1973,328/1973,True,329/1973,,,0.205
A:r=327,A,327,1 2 3 4 5 7 1974,329/1979,329/1979,True,330/1979,,,0.103
A:r=328,A,328,1 2 3 4 5 7 1980,66/397,66/397,True,331/1985,,,0.19
A:r=329,A,329,1 2 3 4 5 7 1986,331/1991,331/1991,True,332/1991,,,0.105
A:r=330,A,330,1 2 3 4 5 7 1992,332/1997,332/1997,True,333/1997,,,0.104
A:r=331,A,331,1 2 3 4 5 7 1998,333/2003,333/2003,True,334/2003,,,0.191
A:r=332,A,332,1 2 3 4 5 7 2004,334/2009,334/2009,True,335/2009,,,0.102
A:r=333,A,333,1 2 3 4 5 7 2010,67/403,67/403,True,336/2015,,,0.1
A:r=334,A,334,1 2 3 4 5 7 2016,336/2021,336/2021,True,337/2021,,,0.101
A:r=335,A,335,1 2 3 4 5 7 2022,337/2027,337/2027,True,338/2027,,,0.096
A:r=336,A,336,1 2 3 4 5 7 2028,338/2033,338/2033,True,339/2033,,,0.009
A:r=337,A,337,1 2 3 4 5 7 2034,339/2039,339/2039,True,340/2039,,,0.096
A:r=338,A,338,1 2 3 4 5 7 2040,68/409,68/409,True,341/2045,,,0.096
A:r=339,A,339,1 2 3 4 5 7 2046,341/2051,341/2051,True,342/2051,,,0.098
A:r=340,A,340,1 2 3 4 5 7 2052,342/2057,342/2057,True,343/2057,,,0.009
A:r=341,A,341,1 2 3 4 5 7 2058,343/2063,343/2063,True,344/2063,,,0.097
A:r=342,A,342,1 2 3 4 5 7 2064,344/2069,344/2069,True,345/2069,,,0.097
A:r=343,A,343,1 2 3 4 5 7 2070,69/415,69/415,True,346/2075,,,0.097
A:r=344,A,344,1 2 3 4 5 7 2076,346/2081,346/2081,True,347/2081,,,0.098
A:r=345,A,345,1 2 3 4 5 7 2082,347/2087,347/2087,True,348/2087,,,0.108
A:r=346,A,346,1 2 3 4 5 7 2088,348/2093,348/2093,True,349/2093,,,0.099
A:r=347,A,347,1 2 3 4 5 7 2094,349/2099,349/2099,True,350/2099,,,0.098
A:r=348,A,348,1 2 3 4 5 7 2100,70/421,70/421,True,351/2105,,,0.104
A:r=349,A,349,1 2 3 4 5 7 2106,351/2111,351/2111,True,352/2111,,,0.192
A:r=350,A,350,1 2 3 4 5 7 2112,352/2117,352/2117,True,353/2117,,,0.01
A:r=351,A,351,1 2 3 4 5 7 2118,353/2123,353/2123,True,354/2123,,,0.097
A:r=352,A,352,1 2 3 4 5 7 2124,354/2129,354/2129,True,355/2129,,,0.097
A:r=353,A,353,1 2 3 4 5 7 2130,71/427,71/427,True,356/2135,,,0.097
A:r=354,A,354,1 2 3 4 5 7 2136,356/2141,356/2141,True,357/2141,,,0.104
A:r=355,A,355,1 2 3 4 5 7 2142,357/2147,357/2147,True,358/2147,,,0.098
A:r=356,A,356,1 2 3 4 5 7 2148,358/2153,358/2153,True,359/2153,,,0.102
A:r=357,A,357,1 2 3 4 5 7 2154,359/2159,359/2159,True,360/2159,,,0.104
A:r=358,A,358,1 2 3 4 5 7 2160,72/433,72/433,True,361/2165,,,0.191
A:r=359,A,359,1 2 3 4 5 7 2166,361/2171,361/2171,True,362/2171,,,0.101
A:r=360,A,360,1 2 3 4 5 7 2172,362/2177,362/2177,True,363/2177,,,0.104
A:r=361,A,361,1 2 3 4 5 7 2178,363/2183,363/2183,True,364/2183,,,0.194
A:r=362,A,362,1 2 3 4 5 7 2184,364/2189,364/2189,True,365/2189,,,0.102
A:r=363,A,363,1 2 3 4 5 7 2190,73/439,73/439,True,366/2195,,,0.103
A:r=364,A,364,1 2 3 4 5 7 2196,366/2201,366/2201,True,367/2201,,,0.103
A:r=365,A,365,1 2 3 4 5 7 2202,367/2207,367/2207,True,368/2207,,,0.102
A:r=366,A,366,1 2 3 4 5 7 2208,368/2213,368/2213,True,369/2213,,,0.101
A:r=367,A,367,1 2 3 4 5 7 2214,369/2219,369/2219,True,370/2219,,,0.101
A:r=368,A,368,1 2 3 4 5 7 2220,74/445,74/445,True,371/2225,,,0.198
A:r=369,A,369,1 2 3 4 5 7 2226,371/2231,371/2231,True,372/2231,,,0.101
A:r=370,A,370,1 2 3 4 5 7 2232,372/2237,372/2237,True,373/2237,,,0.192
A:r=371,A,371,1 2 3 4 5 7 2238,373/2243,373/2243,True,374/2243,,,0.099
A:r=372,A,372,1 2 3 4 5 7 2244,374/2249,374/2249,True,375/2249,,,0.098
A:r=373,A,373,1 2 3 4 5 7 2250,75/451,75/451,True,376/2255,,,0.103
A:r=374,A,374,1 2 3 4 5 7 2256,376/2261,376/2261,True,377/2261,,,0.105
A:r=375,A,375,1 2 3 4 5 7 2262,377/2267,377/2267,True,378/2267,,,0.192
A:r=376,A,376,1 2 3 4 5 7 2268,378/2273,378/2273,True,379/2273,,,0.102
A:r=377,A,377,1 2 3 4 5 7 2274,379/2279,379/2279,True,380/2279,,,0.101
A:r=378,A,378,1 2 3 4 5 7 2280,76/457,76/457,True,381/2285,,,0.201
A:r=379,A,379,1 2 3 4 5 7 2286,381/2291,381/2291,True,382/2291,,,0.2
A:r=380,A,380,1 2 3 4 5 7 2292,382/2297,382/2297,True,383/2297,,,0.106
A:r=381,A,381,1 2 3 4 5 7 2298,383/2303,383/2303,True,384/2303,,,0.19
A:r=382,A,382,1 2 3 4 5 7 2304,384/2309,384/2309,True,385/2309,,,0.208
A:r=383,A,383,1 2 3 4 5 7 2310,77/463,77/463,True,386/2315,,,0.295
A:r=384,A,384,1 2 3 4 5 7 2316,386/2321,386/2321,True,387/2321,,,0.298
A:r=385,A,385,1 2 3 4 5 7 2322,387/2327,387/2327,True,388/2327,,,0.301
A:r=386,A,386,1 2 3 4 5 7 2328,388/2333,388/2333,True,389/2333,,,0.201
A:r=387,A,387,1 2 3 4 5 7 2334,389/2339,389/2339,True,390/2339,,,0.396
A:r=388,A,388,1 2 3 4 5 7 2340,78/469,78/469,True,391/2345,,,0.108
A:r=389,A,389,1 2 3 4 5 7 2346,391/2351,391/2351,True,392/2351,,,0.101
A:r=390,A,390,1 2 3 4 5 7 2352,392/2357,392/2357,True,393/2357,,,0.192
A:r=391,A,391,1 2 3 4 5 7 2358,393/2363,393/2363,True,394/2363,,,0.2
A:r=392,A,392,1 2 3 4 5 7 2364,394/2369,394/2369,True,395/2369,,,0.303
A:r=393,A,393,1 2 3 4 5 7 2370,79/475,79/475,True,396/2375,,,0.201
A:r=394,A,394,1 2 3 4 5 7 2376,396/2381,396/2381,True,397/2381,,,0.2
A:r=395,A,395,1 2 3 4 5 7 2382,397/2387,397/2387,True,398/2387,,,0.2
A:r=396,A,396,1 2 3 4 5 7 2388,398/2393,398/2393,True,399/2393,,,0.397
A:r=397,A,397,1 2 3 4 5 7 2394,399/2399,399/2399,True,400/2399,,,0.298
A:r=398,A,398,1 2 3 4 5 7 2400,80/481,80/481,True,401/2405,,,0.205
A:r=399,A,399,1 2 3 4 5 7 2406,401/2411,401/2411,True,402/2411,,,0.197
A:r=400,A,400,1 2 3 4 5 7 2412,402/2417,402/2417,True,403/2417,,,0.298
A:r=401,A,401,1 2 3 4 5 7 2418,403/2423,403/2423,True,404/2423,,,0.107
A:r=402,A,402,1 2 3 4 5 7 2424,404/2429,404/2429,True,405/2429,,,0.196
A:r=403,A,403,1 2 3 4 5 7 2430,81/487,81/487,True,406/2435,,,0.204
A:r=404,A,404,1 2 3 4 5 7 2436,406/2441,406/2441,True,407/2441,,,0.293
A:r=405,A,405,1 2 3 4 5 7 2442,407/2447,407/2447,True,408/2447,,,0.2
A:r=406,A,406,1 2 3 4 5 7 2448,408/2453,408/2453,True,409/2453,,,0.2
A:r=407,A,407,1 2 3 4 5 7 2454,409/2459,409/2459,True,410/2459,,,0.2
A:r=408,A,408,1 2 3 4 5 7 2460,82/493,82/493,True,411/2465,,,0.2
A:r=409,A,409,1 2 3 4 5 7 2466,411/2471,411/2471,True,412/2471,,,0.206
A:r=410,A,410,1 2 3 4 5 7 2472,412/2477,412/2477,True,413/2477,,,0.201
A:r=411,A,411,1 2 3 4 5 7 2478,413/2483,413/2483,True,414/2483,,,0.2
A:r=412,A,412,1 2 3 4 5 7 2484,414/2489,414/2489,True,415/2489,,,0.201
A:r=413,A,413,1 2 3 4 5 7 2490,83/499,83/499,True,416/2495,,,0.2
A:r=414,A,414,1 2 3 4 5 7 2496,416/2501,416/2501,True,417/2501,,,0.294
A:r=415,A,415,1 2 3 4 5 7 2502,417/2507,417/2507,True,418/2507,,,0.2
A:r=416,A,416,1 2 3 4 5 7 2508,418/2513,418/2513,True,419/2513,,,0.201
A:r=417,A,417,1 2 3 4 5 7 2514,419/2519,419/2519,True,420/2519,,,0.201
A:r=418,A,418,1 2 3 4 5 7 2520,84/505,84/505,True,421/2525,,,0.201
A:r=419,A,419,1 2 3 4 5 7 2526,421/2531,421/2531,True,422/2531,,,0.295
A:r=420,A,420,1 2 3 4 5 7 2532,422/2537,422/2537,True,423/2537,,,0.201
A:r=421,A,421,1 2 3 4 5 7 2538,423/2543,423/2543,True,424/2543,,,0.201
A:r=422,A,422,1 2 3 4 5 7 2544,424/2549,424/2549,True,425/2549,,,0.201
A:r=423,A,423,1 2 3 4 5 7 2550,85/511,85/511,True,426/2555,,,0.202
A:r=424,A,424,1 2 3 4 5 7 2556,426/2561,426/2561,True,427/2561,,,0.201
A:r=425,A,425,1 2 3 4 5 7 2562,427/2567,427/2567,True,428/2567,,,0.295
A:r=426,A,426,1 2 3 4 5 7 2568,428/2573,428/2573,True,429/2573,,,0.202
A:r=427,A,427,1 2 3 4 5 7 2574,429/2579,429/2579,True,430/2579,,,0.201
A:r=428,A,428,1 2 3 4 5 7 2580,86/517,86/517,True,431/2585,,,0.102
A:r=429,A,429,1 2 3 4 5 7 2586,431/2591,431/2591,True,432/2591,,,0.104
A:r=430,A,430,1 2 3 4 5 7 2592,432/2597,432/2597,True,433/2597,,,0.195
A:r=431,A,431,1 2 3 4 5 7 2598,433/2603,433/2603,True,434/2603,,,0.296
A:r=432,A,432,1 2 3 4 5 7 2604,434/2609,434/2609,True,435/2609,,,0.202
A:r=433,A,433,1 2 3 4 5 7 2610,87/523,87/523,True,436/2615,,,0.108
A:r=434,A,434,1 2 3 4 5 7 2616,436/2621,436/2621,True,437/2621,,,0.195
A:r=435,A,435,1 2 3 4 5 7 2622,437/2627,437/2627,True,438/2627,,,0.398
A:r=436,A,436,1 2 3 4 5 7 2628,438/2633,438/2633,True,439/2633,,,0.301
A:r=437,A,437,1 2 3 4 5 7 2634,439/2639,439/2639,True,440/2639,,,0.296
A:r=438,A,438,1 2 3 4 5 7 2640,88/529,88/529,True,441/2645,,,0.204
A:r=439,A,439,1 2 3 4 5 7 2646,441/2651,441/2651,True,442/2651,,,0.297
A:r=440,A,440,1 2 3 4 5 7 2652,442/2657,442/2657,True,443/2657,,,0.3
A:r=441,A,441,1 2 3 4 5 7 2658,443/2663,443/2663,True,444/2663,,,0.305
A:r=442,A,442,1 2 3 4 5 7 2664,444/2669,444/2669,True,445/2669,,,0.11
A:r=443,A,443,1 2 3 4 5 7 2670,89/535,89/535,True,446/2675,,,0.195
A:r=444,A,444,1 2 3 4 5 7 2676,446/2681,446/2681,True,447/2681,,,0.196
A:r=445,A,445,1 2 3 4 5 7 2682,447/2687,447/2687,True,448/2687,,,0.11
A:r=446,A,446,1 2 3 4 5 7 2688,448/2693,448/2693,True,449/2693,,,0.298
A:r=447,A,447,1 2 3 4 5 7 2694,449/2699,449/2699,True,450/2699,,,0.193
A:r=448,A,448,1 2 3 4 5 7 2700,90/541,90/541,True,451/2705,,,0.303
A:r=449,A,449,1 2 3 4 5 7 2706,451/2711,451/2711,True,452/2711,,,0.102
A:r=450,A,450,1 2 3 4 5 7 2712,452/2717,452/2717,True,453/2717,,,0.106
A:r=451,A,451,1 2 3 4 5 7 2718,453/2723,453/2723,True,454/2723,,,0.289
A:r=452,A,452,1 2 3 4 5 7 2724,454/2729,454/2729,True,455/2729,,,0.109
A:r=453,A,453,1 2 3 4 5 7 2730,91/547,91/547,True,456/2735,,,0.194
A:r=454,A,454,1 2 3 4 5 7 2736,456/2741,456/2741,True,457/2741,,,0.107
A:r=455,A,455,1 2 3 4 5 7 2742,457/2747,457/2747,True,458/2747,,,0.198
A:r=456,A,456,1 2 3 4 5 7 2748,458/2753,458/2753,True,459/2753,,,0.201
A:r=457,A,457,1 2 3 4 5 7 2754,459/2759,459/2759,True,460/2759,,,0.196
A:r=458,A,458,1 2 3 4 5 7 2760,92/553,92/553,True,461/2765,,,0.195
A:r=459,A,459,1 2 3 4 5 7 2766,461/2771,461/2771,True,462/2771,,,0.109
A:r=460,A,460,1 2 3 4 5 7 2772,462/2777,462/2777,True,463/2777,,,0.195
A:r=461,A,461,1 2 3 4 5 7 2778,463/2783,463/2783,True,464/2783,,,0.11
A:r=462,A,462,1 2 3 4 5 7 2784,464/2789,464/2789,True,465/2789,,,0.193
A:r=463,A,463,1 2 3 4 5 7 2790,93/559,93/559,True,466/2795,,,0.108
A:r=464,A,464,1 2 3 4 5 7 2796,466/2801,466/2801,True,467/2801,,,0.198
A:r=465,A,465,1 2 3 4 5 7 2802,467/2807,467/2807,True,468/2807,,,0.192
A:r=466,A,466,1 2 3 4 5 7 2808,468/2813,468/2813,True,469/2813,,,0.11
A:r=467,A,467,1 2 3 4 5 7 2814,469/2819,469/2819,True,470/2819,,,0.196
A:r=468,A,468,1 2 3 4 5 7 2820,94/565,94/565,True,471/2825,,,0.194
A:r=469,A,469,1 2 3 4 5 7 2826,471/2831,471/2831,True,472/2831,,,0.207
A:r=470,A,470,1 2 3 4 5 7 2832,472/2837,472/2837,True,473/2837,,,0.2
A:r=471,A,471,1 2 3 4 5 7 2838,473/2843,473/2843,True,474/2843,,,0.203
A:r=472,A,472,1 2 3 4 5 7 2844,474/2849,474/2849,True,475/2849,,,0.294
A:r=473,A,473,1 2 3 4 5 7 2850,95/571,95/571,True,476/2855,,,0.196
A:r=474,A,474,1 2 3 4 5 7 2856,476/2861,476/2861,True,477/2861,,,0.3
A:r=475,A,475,1 2 3 4 5 7 2862,477/2867,477/2867,True,478/2867,,,0.3
A:r=476,A,476,1 2 3 4 5 7 2868,478/2873,478/2873,True,479/2873,,,0.21
A:r=477,A,477,1 2 3 4 5 7 2874,479/2879,479/2879,True,480/2879,,,0.293
A:r=478,A,478,1 2 3 4 5 7 2880,96/577,96/577,True,481/2885,,,0.3
A:r=479,A,479,1 2 3 4 5 7 2886,481/2891,481/2891,True,482/2891,,,0.301
A:r=480,A,480,1 2 3 4 5 7 2892,482/2897,482/2897,True,483/2897,,,0.302
A:r=481,A,481,1 2 3 4 5 7 2898,483/2903,483/2903,True,484/2903,,,0.206
A:r=482,A,482,1 2 3 4 5 7 2904,484/2909,484/2909,True,485/2909,,,0.49
A:r=483,A,483,1 2 3 4 5 7 2910,97/583,97/583,True,486/2915,,,0.208
A:r=484,A,484,1 2 3 4 5 7 2916,486/2921,486/2921,True,487/2921,,,0.301
A:r=485,A,485,1 2 3 4 5 7 2922,487/2927,487/2927,True,488/2927,,,0.2
A:r=486,A,486,1 2 3 4 5 7 2928,488/2933,488/2933,True,489/2933,,,0.293
A:r=487,A,487,1 2 3 4 5 7 2934,489/2939,489/2939,True,490/2939,,,0.206
A:r=488,A,488,1 2 3 4 5 7 2940,98/589,98/589,True,491/2945,,,0.199
A:r=489,A,489,1 2 3 4 5 7 2946,491/2951,491/2951,True,492/2951,,,0.2
A:r=490,A,490,1 2 3 4 5 7 2952,492/2957,492/2957,True,493/2957,,,0.302
A:r=491,A,491,1 2 3 4 5 7 2958,493/2963,493/2963,True,494/2963,,,0.302
A:r=492,A,492,1 2 3 4 5 7 2964,494/2969,494/2969,True,495/2969,,,0.2
A:r=493,A,493,1 2 3 4 5 7 2970,99/595,99/595,True,496/2975,,,0.199
A:r=494,A,494,1 2 3 4 5 7 2976,496/2981,496/2981,True,497/2981,,,0.292
A:r=495,A,495,1 2 3 4 5 7 2982,497/2987,497/2987,True,498/2987,,,0.199
A:r=496,A,496,1 2 3 4 5 7 2988,498/2993,498/2993,True,499/2993,,,0.208
A:r=497,A,497,1 2 3 4 5 7 2994,499/2999,499/2999,True,500/2999,,,0.199
A:r=498,A,498,1 2 3 4 5 7 3000,100/601,100/601,True,501/3005,,,0.295
A:r=499,A,499,1 2 3 4 5 7 3006,501/3011,501/3011,True,502/3011,,,0.3
A:r=500,A,500,1 2 3 4 5 7 3012,502/3017,502/3017,True,503/3017,,,0.197
A:r=501,A,501,1 2 3 4 5 7 3018,503/3023,503/3023,True,504/3023,,,0.199
A:r=502,A,502,1 2 3 4 5 7 3024,504/3029,504/3029,True,505/3029,,,0.3
A:r=503,A,503,1 2 3 4 5 7 3030,101/607,101/607,True,506/3035,,,0.303
A:r=504,A,504,1 2 3 4 5 7 3036,506/3041,506/3041,True,507/3041,,,0.197
A:r=505,A,505,1 2 3 4 5 7 3042,507/3047,507/3047,True,508/3047,,,0.3
A:r=506,A,506,1 2 3 4 5 7 3048,508/3053,508/3053,True,509/3053,,,0.309
A:r=507,A,507,1 2 3 4 5 7 3054,509/3059,509/3059,True,510/3059,,,0.299
A:r=508,A,508,1 2 3 4 5 7 3060,102/613,102/613,True,511/3065,,,0.199
A:r=509,A,509,1 2 3 4 5 7 3066,511/3071,511/3071,True,512/3071,,,0.203
A:r=510,A,510,1 2 3 4 5 7 3072,512/3077,512/3077,True,513/3077,,,0.397
A:r=511,A,511,1 2 3 4 5 7 3078,513/3083,513/3083,True,514/3083,,,0.295
A:r=512,A,512,1 2 3 4 5 7 3084,514/3089,514/3089,True,515/3089,,,0.304
A:r=513,A,513,1 2 3 4 5 7 3090,103/619,103/619,True,516/3095,,,0.199
A:r=514,A,514,1 2 3 4 5 7 3096,516/3101,516/3101,True,517/3101,,,0.406
A:r=515,A,515,1 2 3 4 5 7 3102,517/3107,517/3107,True,518/3107,,,0.394
A:r=516,A,516,1 2 3 4 5 7 3108,518/3113,518/3113,True,519/3113,,,0.2
A:r=517,A,517,1 2 3 4 5 7 3114,519/3119,519/3119,True,520/3119,,,0.298
A:r=518,A,518,1 2 3 4 5 7 3120,104/625,104/625,True,521/3125,,,0.2
A:r=519,A,519,1 2 3 4 5 7 3126,521/3131,521/3131,True,522/3131,,,0.198
A:r=520,A,520,1 2 3 4 5 7 3132,522/3137,522/3137,True,523/3137,,,0.199
A:r=521,A,521,1 2 3 4 5 7 3138,523/3143,523/3143,True,524/3143,,,0.201
A:r=522,A,522,1 2 3 4 5 7 3144,524/3149,524/3149,True,525/3149,,,0.209
A:r=523,A,523,1 2 3 4 5 7 3150,105/631,105/631,True,526/3155,,,0.201
A:r=524,A,524,1 2 3 4 5 7 3156,526/3161,526/3161,True,527/3161,,,0.2
A:r=525,A,525,1 2 3 4 5 7 3162,527/3167,527/3167,True,528/3167,,,0.2
A:r=526,A,526,1 2 3 4 5 7 3168,528/3173,528/3173,True,529/3173,,,0.201
A:r=527,A,527,1 2 3 4 5 7 3174,529/3179,529/3179,True,530/3179,,,0.294
A:r=528,A,528,1 2 3 4 5 7 3180,106/637,106/637,True,531/3185,,,0.201
A:r=529,A,529,1 2 3 4 5 7 3186,531/3191,531/3191,True,532/3191,,,0.2
A:r=530,A,530,1 2 3 4 5 7 3192,532/3197,532/3197,True,533/3197,,,0.2
A:r=531,A,531,1 2 3 4 5 7 3198,533/3203,533/3203,True,534/3203,,,0.2
A:r=532,A,532,1 2 3 4 5 7 3204,534/3209,534/3209,True,535/3209,,,0.201
A:r=533,A,533,1 2 3 4 5 7 3210,107/643,107/643,True,536/3215,,,0.201
A:r=534,A,534,1 2 3 4 5 7 3216,536/3221,536/3221,True,537/3221,,,0.197
A:r=535,A,535,1 2 3 4 5 7 3222,537/3227,537/3227,True,538/3227,,,0.193
A:r=536,A,536,1 2 3 4 5 7 3228,538/3233,538/3233,True,539/3233,,,0.106
A:r=537,A,537,1 2 3 4 5 7 3234,539/3239,539/3239,True,540/3239,,,0.294
A:r=538,A,538,1 2 3 4 5 7 3240,108/649,108/649,True,541/3245,,,0.103
A:r=539,A,539,1 2 3 4 5 7 3246,541/3251,541/3251,True,542/3251,,,0.301
A:r=540,A,540,1 2 3 4 5 7 3252,542/3257,542/3257,True,543/3257,,,0.205
A:r=541,A,541,1 2 3 4 5 7 3258,543/3263,543/3263,True,544/3263,,,0.2
A:r=542,A,542,1 2 3 4 5 7 3264,544/3269,544/3269,True,545/3269,,,0.392
A:r=543,A,543,1 2 3 4 5 7 3270,109/655,109/655,True,546/3275,,,0.206
A:r=544,A,544,1 2 3 4 5 7 3276,546/3281,546/3281,True,547/3281,,,0.3
A:r=545,A,545,1 2 3 4 5 7 3282,547/3287,547/3287,True,548/3287,,,0.397
A:r=546,A,546,1 2 3 4 5 7 3288,548/3293,548/3293,True,549/3293,,,0.306
A:r=547,A,547,1 2 3 4 5 7 3294,549/3299,549/3299,True,550/3299,,,0.294
A:r=548,A,548,1 2 3 4 5 7 3300,110/661,110/661,True,551/3305,,,0.202
A:r=549,A,549,1 2 3 4 5 7 3306,551/3311,551/3311,True,552/3311,,,0.201
A:r=550,A,550,1 2 3 4 5 7 3312,552/3317,552/3317,True,553/3317,,,0.201
A:r=551,A,551,1 2 3 4 5 7 3318,553/3323,553/3323,True,554/3323,,,0.202
A:r=552,A,552,1 2 3 4 5 7 3324,554/3329,554/3329,True,555/3329,,,0.295
A:r=553,A,553,1 2 3 4 5 7 3330,111/667,111/667,True,556/3335,,,0.208
A:r=554,A,554,1 2 3 4 5 7 3336,556/3341,556/3341,True,557/3341,,,0.288
A:r=555,A,555,1 2 3 4 5 7 3342,557/3347,557/3347,True,558/3347,,,0.201
A:r=556,A,556,1 2 3 4 5 7 3348,558/3353,558/3353,True,559/3353,,,0.209
A:r=557,A,557,1 2 3 4 5 7 3354,559/3359,559/3359,True,560/3359,,,0.201
A:r=558,A,558,1 2 3 4 5 7 3360,112/673,112/673,True,561/3365,,,0.29
A:r=559,A,559,1 2 3 4 5 7 3366,561/3371,561/3371,True,562/3371,,,0.203
A:r=560,A,560,1 2 3 4 5 7 3372,562/3377,562/3377,True,563/3377,,,0.202
A:r=561,A,561,1 2 3 4 5 7 3378,563/3383,563/3383,True,564/3383,,,0.203
A:r=562,A,562,1 2 3 4 5 7 3384,564/3389,564/3389,True,565/3389,,,0.295
A:r=563,A,563,1 2 3 4 5 7 3390,113/679,113/679,True,566/3395,,,0.296
A:r=564,A,564,1 2 3 4 5 7 3396,566/3401,566/3401,True,567/3401,,,0.209
A:r=565,A,565,1 2 3 4 5 7 3402,567/3407,567/3407,True,568/3407,,,0.296
A:r=566,A,566,1 2 3 4 5 7 3408,568/3413,568/3413,True,569/3413,,,0.296
A:r=567,A,567,1 2 3 4 5 7 3414,569/3419,569/3419,True,570/3419,,,0.2
A:r=568,A,568,1 2 3 4 5 7 3420,114/685,114/685,True,571/3425,,,0.301
A:r=569,A,569,1 2 3 4 5 7 3426,571/3431,571/3431,True,572/3431,,,0.307
A:r=570,A,570,1 2 3 4 5 7 3432,572/3437,572/3437,True,573/3437,,,0.493
A:r=571,A,571,1 2 3 4 5 7 3438,573/3443,573/3443,True,574/3443,,,0.403
A:r=572,A,572,1 2 3 4 5 7 3444,574/3449,574/3449,True,575/3449,,,0.198
A:r=573,A,573,1 2 3 4 5 7 3450,115/691,115/691,True,576/3455,,,0.3
A:r=574,A,574,1 2 3 4 5 7 3456,576/3461,576/3461,True,577/3461,,,0.205
A:r=575,A,575,1 2 3 4 5 7 3462,577/3467,577/3467,True,578/3467,,,0.197
A:r=576,A,576,1 2 3 4 5 7 3468,578/3473,578/3473,True,579/3473,,,0.295
A:r=577,A,577,1 2 3 4 5 7 3474,579/3479,579/3479,True,580/3479,,,0.3
A:r=578,A,578,1 2 3 4 5 7 3480,116/697,116/697,True,581/3485,,,0.301
A:r=579,A,579,1 2 3 4 5 7 3486,581/3491,581/3491,True,582/3491,,,0.304
A:r=580,A,580,1 2 3 4 5 7 3492,582/3497,582/3497,True,583/3497,,,0.198
A:r=581,A,581,1 2 3 4 5 7 3498,583/3503,583/3503,True,584/3503,,,0.2
A:r=582,A,582,1 2 3 4 5 7 3504,584/3509,584/3509,True,585/3509,,,0.202
A:r=583,A,583,1 2 3 4 5 7 3510,117/703,117/703,True,586/3515,,,0.205
A:r=584,A,584,1 2 3 4 5 7 3516,586/3521,586/3521,True,587/3521,,,0.196
A:r=585,A,585,1 2 3 4 5 7 3522,587/3527,587/3527,True,588/3527,,,0.199
A:r=586,A,586,1 2 3 4 5 7 3528,588/3533,588/3533,True,589/3533,,,0.201
A:r=587,A,587,1 2 3 4 5 7 3534,589/3539,589/3539,True,590/3539,,,0.198
A:r=588,A,588,1 2 3 4 5 7 3540,118/709,118/709,True,591/3545,,,0.108
A:r=589,A,589,1 2 3 4 5 7 3546,591/3551,591/3551,True,592/3551,,,0.198
A:r=590,A,590,1 2 3 4 5 7 3552,592/3557,592/3557,True,593/3557,,,0.2
A:r=591,A,591,1 2 3 4 5 7 3558,593/3563,593/3563,True,594/3563,,,0.193
A:r=592,A,592,1 2 3 4 5 7 3564,594/3569,594/3569,True,595/3569,,,0.197
A:r=593,A,593,1 2 3 4 5 7 3570,119/715,119/715,True,596/3575,,,0.11
A:r=594,A,594,1 2 3 4 5 7 3576,596/3581,596/3581,True,597/3581,,,0.198
A:r=595,A,595,1 2 3 4 5 7 3582,597/3587,597/3587,True,598/3587,,,0.198
A:r=596,A,596,1 2 3 4 5 7 3588,598/3593,598/3593,True,599/3593,,,0.195
A:r=597,A,597,1 2 3 4 5 7 3594,599/3599,599/3599,True,600/3599,,,0.198
A:r=598,A,598,1 2 3 4 5 7 3600,120/721,120/721,True,601/3605,,,0.201
A:r=599,A,599,1 2 3 4 5 7 3606,601/3611,601/3611,True,602/3611,,,0.108
A:r=600,A,600,1 2 3 4 5 7 3612,602/3617,602/3617,True,603/3617,,,0.2
A:r=601,A,601,1 2 3 4 5 7 3618,603/3623,603/3623,True,604/3623,,,0.198
A:r=602,A,602,1 2 3 4 5 7 3624,604/3629,604/3629,True,605/3629,,,0.198
A:r=603,A,603,1 2 3 4 5 7 3630,121/727,121/727,True,606/3635,,,0.201
A:r=604,A,604,1 2 3 4 5 7 3636,606/3641,606/3641,True,607/3641,,,0.202
A:r=605,A,605,1 2 3 4 5 7 3642,607/3647,607/3647,True,608/3647,,,0.202
A:r=606,A,606,1 2 3 4 5 7 3648,608/3653,608/3653,True,609/3653,,,0.201
A:r=607,A,607,1 2 3 4 5 7 3654,609/3659,609/3659,True,610/3659,,,0.199
A:r=608,A,608,1 2 3 4 5 7 3660,122/733,122/733,True,611/3665,,,0.201
A:r=609,A,609,1 2 3 4 5 7 3666,611/3671,611/3671,True,612/3671,,,0.289
A:r=610,A,610,1 2 3 4 5 7 3672,612/3677,612/3677,True,613/3677,,,0.304
A:r=611,A,611,1 2 3 4 5 7 3678,613/3683,613/3683,True,614/3683,,,0.306
A:r=612,A,612,1 2 3 4 5 7 3684,614/3689,614/3689,True,615/3689,,,0.199
A:r=613,A,613,1 2 3 4 5 7 3690,123/739,123/739,True,616/3695,,,0.395
A:r=614,A,614,1 2 3 4 5 7 3696,616/3701,616/3701,True,617/3701,,,0.308
A:r=615,A,615,1 2 3 4 5 7 3702,617/3707,617/3707,True,618/3707,,,0.39
A:r=616,A,616,1 2 3 4 5 7 3708,618/3713,618/3713,True,619/3713,,,0.309
A:r=617,A,617,1 2 3 4 5 7 3714,619/3719,619/3719,True,620/3719,,,0.294
A:r=618,A,618,1 2 3 4 5 7 3720,124/745,124/745,True,621/3725,,,0.306
A:r=619,A,619,1 2 3 4 5 7 3726,621/3731,621/3731,True,622/3731,,,0.289
A:r=620,A,620,1 2 3 4 5 7 3732,622/3737,622/3737,True,623/3737,,,0.306
A:r=621,A,621,1 2 3 4 5 7 3738,623/3743,623/3743,True,624/3743,,,0.303
A:r=622,A,622,1 2 3 4 5 7 3744,624/3749,624/3749,True,625/3749,,,0.391
A:r=623,A,623,1 2 3 4 5 7 3750,125/751,125/751,True,626/3755,,,0.211
A:r=624,A,624,1 2 3 4 5 7 3756,626/3761,626/3761,True,627/3761,,,0.49
A:r=625,A,625,1 2 3 4 5 7 3762,627/3767,627/3767,True,628/3767,,,0.401
A:r=626,A,626,1 2 3 4 5 7 3768,628/3773,628/3773,True,629/3773,,,0.401
A:r=627,A,627,1 2 3 4 5 7 3774,629/3779,629/3779,True,630/3779,,,0.303
A:r=628,A,628,1 2 3 4 5 7 3780,126/757,126/757,True,631/3785,,,0.302
A:r=629,A,629,1 2 3 4 5 7 3786,631/3791,631/3791,True,632/3791,,,0.203
A:r=630,A,630,1 2 3 4 5 7 3792,632/3797,632/3797,True,633/3797,,,0.294
A:r=631,A,631,1 2 3 4 5 7 3798,633/3803,633/3803,True,634/3803,,,0.401
A:r=632,A,632,1 2 3 4 5 7 3804,634/3809,634/3809,True,635/3809,,,0.305
A:r=633,A,633,1 2 3 4 5 7 3810,127/763,127/763,True,636/3815,,,0.298
A:r=634,A,634,1 2 3 4 5 7 3816,636/3821,636/3821,True,637/3821,,,0.201
A:r=635,A,635,1 2 3 4 5 7 3822,637/3827,637/3827,True,638/3827,,,0.201
A:r=636,A,636,1 2 3 4 5 7 3828,638/3833,638/3833,True,639/3833,,,0.292
A:r=637,A,637,1 2 3 4 5 7 3834,639/3839,639/3839,True,640/3839,,,0.205
A:r=638,A,638,1 2 3 4 5 7 3840,128/769,128/769,True,641/3845,,,0.302
A:r=639,A,639,1 2 3 4 5 7 3846,641/3851,641/3851,True,642/3851,,,0.293
A:r=640,A,640,1 2 3 4 5 7 3852,642/3857,642/3857,True,643/3857,,,0.299
A:r=641,A,641,1 2 3 4 5 7 3858,643/3863,643/3863,True,644/3863,,,0.302
A:r=642,A,642,1 2 3 4 5 7 3864,644/3869,644/3869,True,645/3869,,,0.399
A:r=643,A,643,1 2 3 4 5 7 3870,129/775,129/775,True,646/3875,,,0.4
A:r=644,A,644,1 2 3 4 5 7 3876,646/3881,646/3881,True,647/3881,,,0.498
A:r=645,A,645,1 2 3 4 5 7 3882,647/3887,647/3887,True,648/3887,,,0.207
A:r=646,A,646,1 2 3 4 5 7 3888,648/3893,648/3893,True,649/3893,,,0.299
A:r=647,A,647,1 2 3 4 5 7 3894,649/3899,649/3899,True,650/3899,,,0.299
A:r=648,A,648,1 2 3 4 5 7 3900,130/781,130/781,True,651/3905,,,0.303
A:r=649,A,649,1 2 3 4 5 7 3906,651/3911,651/3911,True,652/3911,,,0.295
A:r=650,A,650,1 2 3 4 5 7 3912,652/3917,652/3917,True,653/3917,,,0.304
A:r=651,A,651,1 2 3 4 5 7 3918,653/3923,653/3923,True,654/3923,,,0.196
A:r=652,A,652,1 2 3 4 5 7 3924,654/3929,654/3929,True,655/3929,,,0.201
A:r=653,A,653,1 2 3 4 5 7 3930,131/787,131/787,True,656/3935,,,0.198
A:r=654,A,654,1 2 3 4 5 7 3936,656/3941,656/3941,True,657/3941,,,0.204
A:r=655,A,655,1 2 3 4 5 7 3942,657/3947,657/3947,True,658/3947,,,0.204
A:r=656,A,656,1 2 3 4 5 7 3948,658/3953,658/3953,True,659/3953,,,0.196
A:r=657,A,657,1 2 3 4 5 7 3954,659/3959,659/3959,True,660/3959,,,0.197
A:r=658,A,658,1 2 3 4 5 7 3960,132/793,132/793,True,661/3965,,,0.205
A:r=659,A,659,1 2 3 4 5 7 3966,661/3971,661/3971,True,662/3971,,,0.297
A:r=660,A,660,1 2 3 4 5 7 3972,662/3977,662/3977,True,663/3977,,,0.295
A:r=661,A,661,1 2 3 4 5 7 3978,663/3983,663/3983,True,664/3983,,,0.203
A:r=662,A,662,1 2 3 4 5 7 3984,664/3989,664/3989,True,665/3989,,,0.203
A:r=663,A,663,1 2 3 4 5 7 3990,133/799,133/799,True,666/3995,,,0.204
A:r=664,A,664,1 2 3 4 5 7 3996,666/4001,666/4001,True,667/4001,,,0.2
A:r=665,A,665,1 2 3 4 5 7 4002,667/4007,667/4007,True,668/4007,,,0.291
A:r=666,A,666,1 2 3 4 5 7 4008,668/4013,668/4013,True,669/4013,,,0.209
A:r=667,A,667,1 2 3 4 5 7 4014,669/4019,669/4019,True,670/4019,,,0.2
A:r=668,A,668,1 2 3 4 5 7 4020,134/805,134/805,True,671/4025,,,0.29
A:r=669,A,669,1 2 3 4 5 7 4026,671/4031,671/4031,True,672/4031,,,0.204
A:r=670,A,670,1 2 3 4 5 7 4032,672/4037,672/4037,True,673/4037,,,0.199
A:r=671,A,671,1 2 3 4 5 7 4038,673/4043,673/4043,True,674/4043,,,0.205
A:r=672,A,672,1 2 3 4 5 7 4044,674/4049,674/4049,True,675/4049,,,0.395
A:r=673,A,673,1 2 3 4 5 7 4050,135/811,135/811,True,676/4055,,,0.296
A:r=674,A,674,1 2 3 4 5 7 4056,676/4061,676/4061,True,677/4061,,,0.403
A:r=675,A,675,1 2 3 4 5 7 4062,677/4067,677/4067,True,678/4067,,,0.296
A:r=676,A,676,1 2 3 4 5 7 4068,678/4073,678/4073,True,679/4073,,,0.303
A:r=677,A,677,1 2 3 4 5 7 4074,679/4079,679/4079,True,680/4079,,,0.304
A:r=678,A,678,1 2 3 4 5 7 4080,136/817,136/817,True,681/4085,,,0.393
A:r=679,A,679,1 2 3 4 5 7 4086,681/4091,681/4091,True,682/4091,,,0.304
A:r=680,A,680,1 2 3 4 5 7 4092,682/4097,682/4097,True,683/4097,,,0.305
A:r=681,A,681,1 2 3 4 5 7 4098,683/4103,683/4103,True,684/4103,,,0.492
A:r=682,A,682,1 2 3 4 5 7 4104,684/4109,684/4109,True,685/4109,,,0.31
A:r=683,A,683,1 2 3 4 5 7 4110,137/823,137/823,True,686/4115,,,0.301
A:r=684,A,684,1 2 3 4 5 7 4116,686/4121,686/4121,True,687/4121,,,0.491
A:r=685,A,685,1 2 3 4 5 7 4122,687/4127,687/4127,True,688/4127,,,0.209
A:r=686,A,686,1 2 3 4 5 7 4128,688/4133,688/4133,True,689/4133,,,0.394
A:r=687,A,687,1 2 3 4 5 7 4134,689/4139,689/4139,True,690/4139,,,0.306
A:r=688,A,688,1 2 3 4 5 7 4140,138/829,138/829,True,691/4145,,,0.294
A:r=689,A,689,1 2 3 4 5 7 4146,691/4151,691/4151,True,692/4151,,,0.299
A:r=690,A,690,1 2 3 4 5 7 4152,692/4157,692/4157,True,693/4157,,,0.296
A:r=691,A,691,1 2 3 4 5 7 4158,693/4163,693/4163,True,694/4163,,,0.209
A:r=692,A,692,1 2 3 4 5 7 4164,694/4169,694/4169,True,695/4169,,,0.294
A:r=693,A,693,1 2 3 4 5 7 4170,139/835,139/835,True,696/4175,,,0.303
A:r=694,A,694,1 2 3 4 5 7 4176,696/4181,696/4181,True,697/4181,,,0.298
A:r=695,A,695,1 2 3 4 5 7 4182,697/4187,697/4187,True,698/4187,,,0.297
A:r=696,A,696,1 2 3 4 5 7 4188,698/4193,698/4193,True,699/4193,,,0.208
A:r=697,A,697,1 2 3 4 5 7 4194,699/4199,699/4199,True,700/4199,,,0.301
A:r=698,A,698,1 2 3 4 5 7 4200,140/841,140/841,True,701/4205,,,0.298
A:r=699,A,699,1 2 3 4 5 7 4206,701/4211,701/4211,True,702/4211,,,0.402
A:r=700,A,700,1 2 3 4 5 7 4212,702/4217,702/4217,True,703/4217,,,0.297
A:r=701,A,701,1 2 3 4 5 7 4218,703/4223,703/4223,True,704/4223,,,0.297
A:r=702,A,702,1 2 3 4 5 7 4224,704/4229,704/4229,True,705/4229,,,0.297
A:r=703,A,703,1 2 3 4 5 7 4230,141/847,141/847,True,706/4235,,,0.21
A:r=704,A,704,1 2 3 4 5 7 4236,706/4241,706/4241,True,707/4241,,,0.39
A:r=705,A,705,1 2 3 4 5 7 4242,707/4247,707/4247,True,708/4247,,,0.21
A:r=706,A,706,1 2 3 4 5 7 4248,708/4253,708/4253,True,709/4253,,,0.391
A:r=707,A,707,1 2 3 4 5 7 4254,709/4259,709/4259,True,710/4259,,,0.506
A:r=708,A,708,1 2 3 4 5 7 4260,142/853,142/853,True,711/4265,,,0.294
A:r=709,A,709,1 2 3 4 5 7 4266,711/4271,711/4271,True,712/4271,,,0.297
A:r=710,A,710,1 2 3 4 5 7 4272,712/4277,712/4277,True,713/4277,,,0.4
A:r=711,A,711,1 2 3 4 5 7 4278,713/4283,713/4283,True,714/4283,,,0.307
A:r=712,A,712,1 2 3 4 5 7 4284,714/4289,714/4289,True,715/4289,,,0.402
A:r=713,A,713,1 2 3 4 5 7 4290,143/859,143/859,True,716/4295,,,0.497
A:r=714,A,714,1 2 3 4 5 7 4296,716/4301,716/4301,True,717/4301,,,0.394
A:r=715,A,715,1 2 3 4 5 7 4302,717/4307,717/4307,True,718/4307,,,0.402
A:r=716,A,716,1 2 3 4 5 7 4308,718/4313,718/4313,True,719/4313,,,0.501
A:r=717,A,717,1 2 3 4 5 7 4314,719/4319,719/4319,True,720/4319,,,0.401
A:r=718,A,718,1 2 3 4 5 7 4320,144/865,144/865,True,721/4325,,,0.303
A:r=719,A,719,1 2 3 4 5 7 4326,721/4331,721/4331,True,722/4331,,,0.396
A:r=720,A,720,1 2 3 4 5 7 4332,722/4337,722/4337,True,723/4337,,,0.6
A:r=721,A,721,1 2 3 4 5 7 4338,723/4343,723/4343,True,724/4343,,,0.405
A:r=722,A,722,1 2 3 4 5 7 4344,724/4349,724/4349,True,725/4349,,,0.297
A:r=723,A,723,1 2 3 4 5 7 4350,145/871,145/871,True,726/4355,,,0.396
A:r=724,A,724,1 2 3 4 5 7 4356,726/4361,726/4361,True,727/4361,,,0.498
A:r=725,A,725,1 2 3 4 5 7 4362,727/4367,727/4367,True,728/4367,,,0.312
A:r=726,A,726,1 2 3 4 5 7 4368,728/4373,728/4373,True,729/4373,,,0.389
A:r=727,A,727,1 2 3 4 5 7 4374,729/4379,729/4379,True,730/4379,,,0.407
A:r=728,A,728,1 2 3 4 5 7 4380,146/877,146/877,True,731/4385,,,0.395
A:r=729,A,729,1 2 3 4 5 7 4386,731/4391,731/4391,True,732/4391,,,0.297
A:r=730,A,730,1 2 3 4 5 7 4392,732/4397,732/4397,True,733/4397,,,0.203
A:r=731,A,731,1 2 3 4 5 7 4398,733/4403,733/4403,True,734/4403,,,0.203
A:r=732,A,732,1 2 3 4 5 7 4404,734/4409,734/4409,True,735/4409,,,0.294
A:r=733,A,733,1 2 3 4 5 7 4410,147/883,147/883,True,736/4415,,,0.211
A:r=734,A,734,1 2 3 4 5 7 4416,736/4421,736/4421,True,737/4421,,,0.199
A:r=735,A,735,1 2 3 4 5 7 4422,737/4427,737/4427,True,738/4427,,,0.291
A:r=736,A,736,1 2 3 4 5 7 4428,738/4433,738/4433,True,739/4433,,,0.203
A:r=737,A,737,1 2 3 4 5 7 4434,739/4439,739/4439,True,740/4439,,,0.207
A:r=738,A,738,1 2 3 4 5 7 4440,148/889,148/889,True,741/4445,,,0.388
A:r=739,A,739,1 2 3 4 5 7 4446,741/4451,741/4451,True,742/4451,,,0.307
A:r=740,A,740,1 2 3 4 5 7 4452,742/4457,742/4457,True,743/4457,,,0.3
A:r=741,A,741,1 2 3 4 5 7 4458,743/4463,743/4463,True,744/4463,,,0.205
A:r=742,A,742,1 2 3 4 5 7 4464,744/4469,744/4469,True,745/4469,,,0.296
A:r=743,A,743,1 2 3 4 5 7 4470,149/895,149/895,True,746/4475,,,0.297
A:r=744,A,744,1 2 3 4 5 7 4476,746/4481,746/4481,True,747/4481,,,0.205
A:r=745,A,745,1 2 3 4 5 7 4482,747/4487,747/4487,True,748/4487,,,0.3
A:r=746,A,746,1 2 3 4 5 7 4488,748/4493,748/4493,True,749/4493,,,0.301
A:r=747,A,747,1 2 3 4 5 7 4494,749/4499,749/4499,True,750/4499,,,0.201
A:r=748,A,748,1 2 3 4 5 7 4500,150/901,150/901,True,751/4505,,,0.296
A:r=749,A,749,1 2 3 4 5 7 4506,751/4511,751/4511,True,752/4511,,,0.398
A:r=750,A,750,1 2 3 4 5 7 4512,752/4517,752/4517,True,753/4517,,,0.394
A:r=751,A,751,1 2 3 4 5 7 4518,753/4523,753/4523,True,754/4523,,,0.403
A:r=752,A,752,1 2 3 4 5 7 4524,754/4529,754/4529,True,755/4529,,,0.408
A:r=753,A,753,1 2 3 4 5 7 4530,151/907,151/907,True,756/4535,,,0.395
A:r=754,A,754,1 2 3 4 5 7 4536,756/4541,756/4541,True,757/4541,,,0.495
A:r=755,A,755,1 2 3 4 5 7 4542,757/4547,757/4547,True,758/4547,,,0.307
A:r=756,A,756,1 2 3 4 5 7 4548,758/4553,758/4553,True,759/4553,,,0.401
A:r=757,A,757,1 2 3 4 5 7 4554,759/4559,759/4559,True,760/4559,,,0.296
A:r=758,A,758,1 2 3 4 5 7 4560,152/913,152/913,True,761/4565,,,0.497
A:r=759,A,759,1 2 3 4 5 7 4566,761/4571,761/4571,True,762/4571,,,0.202
A:r=760,A,760,1 2 3 4 5 7 4572,762/4577,762/4577,True,763/4577,,,0.195
A:r=761,A,761,1 2 3 4 5 7 4578,763/4583,763/4583,True,764/4583,,,0.109
A:r=762,A,762,1 2 3 4 5 7 4584,764/4589,764/4589,True,765/4589,,,0.197
A:r=763,A,763,1 2 3 4 5 7 4590,153/919,153/919,True,766/4595,,,0.198
A:r=764,A,764,1 2 3 4 5 7 4596,766/4601,766/4601,True,767/4601,,,0.207
A:r=765,A,765,1 2 3 4 5 7 4602,767/4607,767/4607,True,768/4607,,,0.201
A:r=766,A,766,1 2 3 4 5 7 4608,768/4613,768/4613,True,769/4613,,,0.293
A:r=767,A,767,1 2 3 4 5 7 4614,769/4619,769/4619,True,770/4619,,,0.203
A:r=768,A,768,1 2 3 4 5 7 4620,154/925,154/925,True,771/4625,,,0.293
A:r=769,A,769,1 2 3 4 5 7 4626,771/4631,771/4631,True,772/4631,,,0.208
A:r=770,A,770,1 2 3 4 5 7 4632,772/4637,772/4637,True,773/4637,,,0.296
A:r=771,A,771,1 2 3 4 5 7 4638,773/4643,773/4643,True,774/4643,,,0.303
A:r=772,A,772,1 2 3 4 5 7 4644,774/4649,774/4649,True,775/4649,,,0.394
A:r=773,A,773,1 2 3 4 5 7 4650,155/931,155/931,True,776/4655,,,0.302
A:r=774,A,774,1 2 3 4 5 7 4656,776/4661,776/4661,True,777/4661,,,0.196
A:r=775,A,775,1 2 3 4 5 7 4662,777/4667,777/4667,True,778/4667,,,0.111
A:r=776,A,776,1 2 3 4 5 7 4668,778/4673,778/4673,True,779/4673,,,0.298
A:r=777,A,777,1 2 3 4 5 7 4674,779/4679,779/4679,True,780/4679,,,0.39
A:r=778,A,778,1 2 3 4 5 7 4680,156/937,156/937,True,781/4685,,,0.21
A:r=779,A,779,1 2 3 4 5 7 4686,781/4691,781/4691,True,782/4691,,,0.297
A:r=780,A,780,1 2 3 4 5 7 4692,782/4697,782/4697,True,783/4697,,,0.397
A:r=781,A,781,1 2 3 4 5 7 4698,783/4703,783/4703,True,784/4703,,,0.305
A:r=782,A,782,1 2 3 4 5 7 4704,784/4709,784/4709,True,785/4709,,,0.395
A:r=783,A,783,1 2 3 4 5 7 4710,157/943,157/943,True,786/4715,,,0.396
A:r=784,A,784,1 2 3 4 5 7 4716,786/4721,786/4721,True,787/4721,,,0.301
A:r=785,A,785,1 2 3 4 5 7 4722,787/4727,787/4727,True,788/4727,,,0.304
A:r=786,A,786,1 2 3 4 5 7 4728,788/4733,788/4733,True,789/4733,,,0.394
A:r=787,A,787,1 2 3 4 5 7 4734,789/4739,789/4739,True,790/4739,,,0.5
A:r=788,A,788,1 2 3 4 5 7 4740,158/949,158/949,True,791/4745,,,0.309
A:r=789,A,789,1 2 3 4 5 7 4746,791/4751,791/4751,True,792/4751,,,0.49
A:r=790,A,790,1 2 3 4 5 7 4752,792/4757,792/4757,True,793/4757,,,0.3
A:r=791,A,791,1 2 3 4 5 7 4758,793/4763,793/4763,True,794/4763,,,0.404
A:r=792,A,792,1 2 3 4 5 7 4764,794/4769,794/4769,True,795/4769,,,0.399
A:r=793,A,793,1 2 3 4 5 7 4770,159/955,159/955,True,796/4775,,,0.505
A:r=794,A,794,1 2 3 4 5 7 4776,796/4781,796/4781,True,797/4781,,,0.502
A:r=795,A,795,1 2 3 4 5 7 4782,797/4787,797/4787,True,798/4787,,,0.397
A:r=796,A,796,1 2 3 4 5 7 4788,798/4793,798/4793,True,799/4793,,,0.399
A:r=797,A,797,1 2 3 4 5 7 4794,799/4799,799/4799,True,800/4799,,,0.394
A:r=798,A,798,1 2 3 4 5 7 4800,160/961,160/961,True,801/4805,,,0.403
A:r=799,A,799,1 2 3 4 5 7 4806,801/4811,801/4811,True,802/4811,,,0.299
A:r=800,A,800,1 2 3 4 5 7 4812,802/4817,802/4817,True,803/4817,,,0.403
A:r=801,A,801,1 2 3 4 5 7 4818,803/4823,803/4823,True,804/4823,,,0.595
A:r=802,A,802,1 2 3 4 5 7 4824,804/4829,804/4829,True,805/4829,,,0.311
A:r=803,A,803,1 2 3 4 5 7 4830,161/967,161/967,True,806/4835,,,0.397
A:r=804,A,804,1 2 3 4 5 7 4836,806/4841,806/4841,True,807/4841,,,0.394
A:r=805,A,805,1 2 3 4 5 7 4842,807/4847,807/4847,True,808/4847,,,0.403
A:r=806,A,806,1 2 3 4 5 7 4848,808/4853,808/4853,True,809/4853,,,0.493
A:r=807,A,807,1 2 3 4 5 7 4854,809/4859,809/4859,True,810/4859,,,0.305
A:r=808,A,808,1 2 3 4 5 7 4860,162/973,162/973,True,811/4865,,,0.395
A:r=809,A,809,1 2 3 4 5 7 4866,811/4871,811/4871,True,812/4871,,,0.302
A:r=810,A,810,1 2 3 4 5 7 4872,812/4877,812/4877,True,813/4877,,,0.202
A:r=811,A,811,1 2 3 4 5 7 4878,813/4883,813/4883,True,814/4883,,,0.198
A:r=812,A,812,1 2 3 4 5 7 4884,814/4889,814/4889,True,815/4889,,,0.209
A:r=813,A,813,1 2 3 4 5 7 4890,163/979,163/979,True,816/4895,,,0.198
A:r=814,A,814,1 2 3 4 5 7 4896,816/4901,816/4901,True,817/4901,,,0.198
A:r=815,A,815,1 2 3 4 5 7 4902,817/4907,817/4907,True,818/4907,,,0.199
A:r=816,A,816,1 2 3 4 5 7 4908,818/4913,818/4913,True,819/4913,,,0.202
A:r=817,A,817,1 2 3 4 5 7 4914,819/4919,819/4919,True,820/4919,,,0.202
A:r=818,A,818,1 2 3 4 5 7 4920,164/985,164/985,True,821/4925,,,0.3
A:r=819,A,819,1 2 3 4 5 7 4926,821/4931,821/4931,True,822/4931,,,0.291
A:r=820,A,820,1 2 3 4 5 7 4932,822/4937,822/4937,True,823/4937,,,0.302
A:r=821,A,821,1 2 3 4 5 7 4938,823/4943,823/4943,True,824/4943,,,0.302
A:r=822,A,822,1 2 3 4 5 7 4944,824/4949,824/4949,True,825/4949,,,0.296
A:r=823,A,823,1 2 3 4 5 7 4950,165/991,165/991,True,826/4955,,,0.303
A:r=824,A,824,1 2 3 4 5 7 4956,826/4961,826/4961,True,827/4961,,,0.208
A:r=825,A,825,1 2 3 4 5 7 4962,827/4967,827/4967,True,828/4967,,,0.298
A:r=826,A,826,1 2 3 4 5 7 4968,828/4973,828/4973,True,829/4973,,,0.293
A:r=827,A,827,1 2 3 4 5 7 4974,829/4979,829/4979,True,830/4979,,,0.21
A:r=828,A,828,1 2 3 4 5 7 4980,166/997,166/997,True,831/4985,,,0.292
A:r=829,A,829,1 2 3 4 5 7 4986,831/4991,831/4991,True,832/4991,,,0.205
A:r=830,A,830,1 2 3 4 5 7 4992,832/4997,832/4997,True,833/4997,,,0.395
A:r=831,A,831,1 2 3 4 5 7 4998,833/5003,833/5003,True,834/5003,,,0.504
A:r=832,A,832,1 2 3 4 5 7 5004,834/5009,834/5009,True,835/5009,,,0.302
A:r=833,A,833,1 2 3 4 5 7 5010,167/1003,167/1003,True,836/5015,,,0.394
A:r=834,A,834,1 2 3 4 5 7 5016,836/5021,836/5021,True,837/5021,,,0.398
A:r=835,A,835,1 2 3 4 5 7 5022,837/5027,837/5027,True,838/5027,,,0.306
A:r=836,A,836,1 2 3 4 5 7 5028,838/5033,838/5033,True,839/5033,,,0.399
A:r=837,A,837,1 2 3 4 5 7 5034,839/5039,839/5039,True,840/5039,,,0.396
A:r=838,A,838,1 2 3 4 5 7 5040,168/1009,168/1009,True,841/5045,,,0.307
A:r=839,A,839,1 2 3 4 5 7 5046,841/5051,841/5051,True,842/5051,,,0.498
A:r=840,A,840,1 2 3 4 5 7 5052,842/5057,842/5057,True,843/5057,,,0.303
A:r=841,A,841,1 2 3 4 5 7 5058,843/5063,843/5063,True,844/5063,,,0.397
A:r=842,A,842,1 2 3 4 5 7 5064,844/5069,844/5069,True,845/5069,,,0.396
A:r=843,A,843,1 2 3 4 5 7 5070,169/1015,169/1015,True,846/5075,,,0.496
A:r=844,A,844,1 2 3 4 5 7 5076,846/5081,846/5081,True,847/5081,,,0.406
A:r=845,A,845,1 2 3 4 5 7 5082,847/5087,847/5087,True,848/5087,,,0.204
A:r=846,A,846,1 2 3 4 5 7 5088,848/5093,848/5093,True,849/5093,,,0.389
A:r=847,A,847,1 2 3 4 5 7 5094,849/5099,849/5099,True,850/5099,,,0.207
A:r=848,A,848,1 2 3 4 5 7 5100,170/1021,170/1021,True,851/5105,,,0.298
A:r=849,A,849,1 2 3 4 5 7 5106,851/5111,851/5111,True,852/5111,,,0.302
A:r=850,A,850,1 2 3 4 5 7 5112,852/5117,852/5117,True,853/5117,,,0.302
A:r=851,A,851,1 2 3 4 5 7 5118,853/5123,853/5123,True,854/5123,,,0.301
A:r=852,A,852,1 2 3 4 5 7 5124,854/5129,854/5129,True,855/5129,,,0.303
A:r=853,A,853,1 2 3 4 5 7 5130,171/1027,171/1027,True,856/5135,,,0.196
A:r=854,A,854,1 2 3 4 5 7 5136,856/5141,856/5141,True,857/5141,,,0.291
A:r=855,A,855,1 2 3 4 5 7 5142,857/5147,857/5147,True,858/5147,,,0.31
A:r=856,A,856,1 2 3 4 5 7 5148,858/5153,858/5153,True,859/5153,,,0.3
A:r=857,A,857,1 2 3 4 5 7 5154,859/5159,859/5159,True,860/5159,,,0.39
A:r=858,A,858,1 2 3 4 5 7 5160,172/1033,172/1033,True,861/5165,,,0.212
A:r=859,A,859,1 2 3 4 5 7 5166,861/5171,861/5171,True,862/5171,,,0.392
A:r=860,A,860,1 2 3 4 5 7 5172,862/5177,862/5177,True,863/5177,,,0.397
A:r=861,A,861,1 2 3 4 5 7 5178,863/5183,863/5183,True,864/5183,,,0.401
A:r=862,A,862,1 2 3 4 5 7 5184,864/5189,864/5189,True,865/5189,,,0.402
A:r=863,A,863,1 2 3 4 5 7 5190,173/1039,173/1039,True,866/5195,,,0.399
A:r=864,A,864,1 2 3 4 5 7 5196,866/5201,866/5201,True,867/5201,,,0.503
A:r=865,A,865,1 2 3 4 5 7 5202,867/5207,867/5207,True,868/5207,,,0.396
A:r=866,A,866,1 2 3 4 5 7 5208,868/5213,868/5213,True,869/5213,,,0.408
A:r=867,A,867,1 2 3 4 5 7 5214,869/5219,869/5219,True,870/5219,,,0.492
A:r=868,A,868,1 2 3 4 5 7 5220,174/1045,174/1045,True,871/5225,,,0.305
A:r=869,A,869,1 2 3 4 5 7 5226,871/5231,871/5231,True,872/5231,,,0.498
A:r=870,A,870,1 2 3 4 5 7 5232,872/5237,872/5237,True,873/5237,,,0.601
A:r=871,A,871,1 2 3 4 5 7 5238,873/5243,873/5243,True,874/5243,,,0.595
A:r=872,A,872,1 2 3 4 5 7 5244,874/5249,874/5249,True,875/5249,,,0.309
A:r=873,A,873,1 2 3 4 5 7 5250,175/1051,175/1051,True,876/5255,,,0.392
A:r=874,A,874,1 2 3 4 5 7 5256,876/5261,876/5261,True,877/5261,,,0.299
A:r=875,A,875,1 2 3 4 5 7 5262,877/5267,877/5267,True,878/5267,,,0.299
A:r=876,A,876,1 2 3 4 5 7 5268,878/5273,878/5273,True,879/5273,,,0.211
A:r=877,A,877,1 2 3 4 5 7 5274,879/5279,879/5279,True,880/5279,,,0.295
A:r=878,A,878,1 2 3 4 5 7 5280,176/1057,176/1057,True,881/5285,,,0.296
A:r=879,A,879,1 2 3 4 5 7 5286,881/5291,881/5291,True,882/5291,,,0.21
A:r=880,A,880,1 2 3 4 5 7 5292,882/5297,882/5297,True,883/5297,,,0.294
A:r=881,A,881,1 2 3 4 5 7 5298,883/5303,883/5303,True,884/5303,,,0.296
A:r=882,A,882,1 2 3 4 5 7 5304,884/5309,884/5309,True,885/5309,,,0.301
A:r=883,A,883,1 2 3 4 5 7 5310,177/1063,177/1063,True,886/5315,,,0.3
A:r=884,A,884,1 2 3 4 5 7 5316,886/5321,886/5321,True,887/5321,,,0.21
A:r=885,A,885,1 2 3 4 5 7 5322,887/5327,887/5327,True,888/5327,,,0.39
A:r=886,A,886,1 2 3 4 5 7 5328,888/5333,888/5333,True,889/5333,,,0.309
A:r=887,A,887,1 2 3 4 5 7 5334,889/5339,889/5339,True,890/5339,,,0.394
A:r=888,A,888,1 2 3 4 5 7 5340,178/1069,178/1069,True,891/5345,,,0.397
A:r=889,A,889,1 2 3 4 5 7 5346,891/5351,891/5351,True,892/5351,,,0.41
A:r=890,A,890,1 2 3 4 5 7 5352,892/5357,892/5357,True,893/5357,,,0.495
A:r=891,A,891,1 2 3 4 5 7 5358,893/5363,893/5363,True,894/5363,,,0.4
A:r=892,A,892,1 2 3 4 5 7 5364,894/5369,894/5369,True,895/5369,,,0.301
A:r=893,A,893,1 2 3 4 5 7 5370,179/1075,179/1075,True,896/5375,,,0.294
A:r=894,A,894,1 2 3 4 5 7 5376,896/5381,896/5381,True,897/5381,,,0.401
A:r=895,A,895,1 2 3 4 5 7 5382,897/5387,897/5387,True,898/5387,,,0.507
A:r=896,A,896,1 2 3 4 5 7 5388,898/5393,898/5393,True,899/5393,,,0.393
A:r=897,A,897,1 2 3 4 5 7 5394,899/5399,899/5399,True,900/5399,,,0.597
A:r=898,A,898,1 2 3 4 5 7 5400,180/1081,180/1081,True,901/5405,,,0.407
A:r=899,A,899,1 2 3 4 5 7 5406,901/5411,901/5411,True,902/5411,,,0.398
A:r=900,A,900,1 2 3 4 5 7 5412,902/5417,902/5417,True,903/5417,,,0.399
A:r=901,A,901,1 2 3 4 5 7 5418,903/5423,903/5423,True,904/5423,,,0.396
A:r=902,A,902,1 2 3 4 5 7 5424,904/5429,904/5429,True,905/5429,,,0.508
A:r=903,A,903,1 2 3 4 5 7 5430,181/1087,181/1087,True,906/5435,,,0.496
A:r=904,A,904,1 2 3 4 5 7 5436,906/5441,906/5441,True,907/5441,,,0.308
A:r=905,A,905,1 2 3 4 5 7 5442,907/5447,907/5447,True,908/5447,,,0.589
A:r=906,A,906,1 2 3 4 5 7 5448,908/5453,908/5453,True,909/5453,,,0.31
A:r=907,A,907,1 2 3 4 5 7 5454,909/5459,909/5459,True,910/5459,,,0.495
A:r=908,A,908,1 2 3 4 5 7 5460,182/1093,182/1093,True,911/5465,,,0.403
A:r=909,A,909,1 2 3 4 5 7 5466,911/5471,911/5471,True,912/5471,,,0.303
A:r=910,A,910,1 2 3 4 5 7 5472,912/5477,912/5477,True,913/5477,,,0.299
A:r=911,A,911,1 2 3 4 5 7 5478,913/5483,913/5483,True,914/5483,,,0.69
A:r=912,A,912,1 2 3 4 5 7 5484,914/5489,914/5489,True,915/5489,,,0.311
A:r=913,A,913,1 2 3 4 5 7 5490,183/1099,183/1099,True,916/5495,,,0.498
A:r=914,A,914,1 2 3 4 5 7 5496,916/5501,916/5501,True,917/5501,,,0.502
A:r=915,A,915,1 2 3 4 5 7 5502,917/5507,917/5507,True,918/5507,,,0.491
A:r=916,A,916,1 2 3 4 5 7 5508,918/5513,918/5513,True,919/5513,,,0.398
A:r=917,A,917,1 2 3 4 5 7 5514,919/5519,919/5519,True,920/5519,,,0.303
A:r=918,A,918,1 2 3 4 5 7 5520,184/1105,184/1105,True,921/5525,,,0.307
A:r=919,A,919,1 2 3 4 5 7 5526,921/5531,921/5531,True,922/5531,,,0.299
A:r=920,A,920,1 2 3 4 5 7 5532,922/5537,922/5537,True,923/5537,,,0.3
A:r=921,A,921,1 2 3 4 5 7 5538,923/5543,923/5543,True,924/5543,,,0.4
A:r=922,A,922,1 2 3 4 5 7 5544,924/5549,924/5549,True,925/5549,,,0.39
A:r=923,A,923,1 2 3 4 5 7 5550,185/1111,185/1111,True,926/5555,,,0.302
A:r=924,A,924,1 2 3 4 5 7 5556,926/5561,926/5561,True,927/5561,,,0.308
A:r=925,A,925,1 2 3 4 5 7 5562,927/5567,927/5567,True,928/5567,,,0.389
A:r=926,A,926,1 2 3 4 5 7 5568,928/5573,928/5573,True,929/5573,,,0.302
A:r=927,A,927,1 2 3 4 5 7 5574,929/5579,929/5579,True,930/5579,,,0.306
A:r=928,A,928,1 2 3 4 5 7 5580,186/1117,186/1117,True,931/5585,,,0.397
A:r=929,A,929,1 2 3 4 5 7 5586,931/5591,931/5591,True,932/5591,,,0.404
A:r=930,A,930,1 2 3 4 5 7 5592,932/5597,932/5597,True,933/5597,,,0.499
A:r=931,A,931,1 2 3 4 5 7 5598,933/5603,933/5603,True,934/5603,,,0.4
A:r=932,A,932,1 2 3 4 5 7 5604,934/5609,934/5609,True,935/5609,,,0.397
A:r=933,A,933,1 2 3 4 5 7 5610,187/1123,187/1123,True,936/5615,,,0.606
A:r=934,A,934,1 2 3 4 5 7 5616,936/5621,936/5621,True,937/5621,,,0.398
A:r=935,A,935,1 2 3 4 5 7 5622,937/5627,937/5627,True,938/5627,,,0.498
A:r=936,A,936,1 2 3 4 5 7 5628,938/5633,938/5633,True,939/5633,,,0.494
A:r=937,A,937,1 2 3 4 5 7 5634,939/5639,939/5639,True,940/5639,,,0.599
A:r=938,A,938,1 2 3 4 5 7 5640,188/1129,188/1129,True,941/5645,,,0.41
A:r=939,A,939,1 2 3 4 5 7 5646,941/5651,941/5651,True,942/5651,,,0.499
A:r=940,A,940,1 2 3 4 5 7 5652,942/5657,942/5657,True,943/5657,,,0.392
A:r=941,A,941,1 2 3 4 5 7 5658,943/5663,943/5663,True,944/5663,,,0.597
A:r=942,A,942,1 2 3 4 5 7 5664,944/5669,944/5669,True,945/5669,,,0.308
A:r=943,A,943,1 2 3 4 5 7 5670,189/1135,189/1135,True,946/5675,,,0.404
A:r=944,A,944,1 2 3 4 5 7 5676,946/5681,946/5681,True,947/5681,,,0.588
A:r=945,A,945,1 2 3 4 5 7 5682,947/5687,947/5687,True,948/5687,,,0.307
A:r=946,A,946,1 2 3 4 5 7 5688,948/5693,948/5693,True,949/5693,,,0.404
A:r=947,A,947,1 2 3 4 5 7 5694,949/5699,949/5699,True,950/5699,,,0.495
A:r=948,A,948,1 2 3 4 5 7 5700,190/1141,190/1141,True,951/5705,,,0.395
A:r=949,A,949,1 2 3 4 5 7 5706,951/5711,951/5711,True,952/5711,,,0.408
A:r=950,A,950,1 2 3 4 5 7 5712,952/5717,952/5717,True,953/5717,,,0.494
A:r=951,A,951,1 2 3 4 5 7 5718,953/5723,953/5723,True,954/5723,,,0.497
A:r=952,A,952,1 2 3 4 5 7 5724,954/5729,954/5729,True,955/5729,,,0.201
A:r=953,A,953,1 2 3 4 5 7 5730,191/1147,191/1147,True,956/5735,,,0.202
A:r=954,A,954,1 2 3 4 5 7 5736,956/5741,956/5741,True,957/5741,,,0.207
A:r=955,A,955,1 2 3 4 5 7 5742,957/5747,957/5747,True,958/5747,,,0.301
A:r=956,A,956,1 2 3 4 5 7 5748,958/5753,958/5753,True,959/5753,,,0.496
A:r=957,A,957,1 2 3 4 5 7 5754,959/5759,959/5759,True,960/5759,,,0.406
A:r=958,A,958,1 2 3 4 5 7 5760,192/1153,192/1153,True,961/5765,,,0.4
A:r=959,A,959,1 2 3 4 5 7 5766,961/5771,961/5771,True,962/5771,,,0.396
A:r=960,A,960,1 2 3 4 5 7 5772,962/5777,962/5777,True,963/5777,,,0.493
A:r=961,A,961,1 2 3 4 5 7 5778,963/5783,963/5783,True,964/5783,,,0.401
A:r=962,A,962,1 2 3 4 5 7 5784,964/5789,964/5789,True,965/5789,,,0.501
A:r=963,A,963,1 2 3 4 5 7 5790,193/1159,193/1159,True,966/5795,,,0.699
A:r=964,A,964,1 2 3 4 5 7 5796,966/5801,966/5801,True,967/5801,,,0.506
A:r=965,A,965,1 2 3 4 5 7 5802,967/5807,967/5807,True,968/5807,,,0.499
A:r=966,A,966,1 2 3 4 5 7 5808,968/5813,968/5813,True,969/5813,,,0.592
A:r=967,A,967,1 2 3 4 5 7 5814,969/5819,969/5819,True,970/5819,,,0.309
A:r=968,A,968,1 2 3 4 5 7 5820,194/1165,194/1165,True,971/5825,,,0.299
A:r=969,A,969,1 2 3 4 5 7 5826,971/5831,971/5831,True,972/5831,,,0.394
A:r=970,A,970,1 2 3 4 5 7 5832,972/5837,972/5837,True,973/5837,,,0.403
A:r=971,A,971,1 2 3 4 5 7 5838,973/5843,973/5843,True,974/5843,,,0.498
A:r=972,A,972,1 2 3 4 5 7 5844,974/5849,974/5849,True,975/5849,,,0.402
A:r=973,A,973,1 2 3 4 5 7 5850,195/1171,195/1171,True,976/5855,,,0.405
A:r=974,A,974,1 2 3 4 5 7 5856,976/5861,976/5861,True,977/5861,,,0.501
A:r=975,A,975,1 2 3 4 5 7 5862,977/5867,977/5867,True,978/5867,,,0.601
A:r=976,A,976,1 2 3 4 5 7 5868,978/5873,978/5873,True,979/5873,,,0.591
A:r=977,A,977,1 2 3 4 5 7 5874,979/5879,979/5879,True,980/5879,,,0.406
A:r=978,A,978,1 2 3 4 5 7 5880,196/1177,196/1177,True,981/5885,,,0.404
A:r=979,A,979,1 2 3 4 5 7 5886,981/5891,981/5891,True,982/5891,,,0.489
A:r=980,A,980,1 2 3 4 5 7 5892,982/5897,982/5897,True,983/5897,,,0.411
A:r=981,A,981,1 2 3 4 5 7 5898,983/5903,983/5903,True,984/5903,,,0.397
A:r=982,A,982,1 2 3 4 5 7 5904,984/5909,984/5909,True,985/5909,,,0.202
A:r=983,A,983,1 2 3 4 5 7 5910,197/1183,197/1183,True,986/5915,,,0.202
A:r=984,A,984,1 2 3 4 5 7 5916,986/5921,986/5921,True,987/5921,,,0.288
A:r=985,A,985,1 2 3 4 5 7 5922,987/5927,987/5927,True,988/5927,,,0.202
A:r=986,A,986,1 2 3 4 5 7 5928,988/5933,988/5933,True,989/5933,,,0.203
A:r=987,A,987,1 2 3 4 5 7 5934,989/5939,989/5939,True,990/5939,,,0.397
A:r=988,A,988,1 2 3 4 5 7 5940,198/1189,198/1189,True,991/5945,,,0.303
A:r=989,A,989,1 2 3 4 5 7 5946,991/5951,991/5951,True,992/5951,,,0.393
A:r=990,A,990,1 2 3 4 5 7 5952,992/5957,992/5957,True,993/5957,,,0.304
A:r=991,A,991,1 2 3 4 5 7 5958,993/5963,993/5963,True,994/5963,,,0.304
A:r=992,A,992,1 2 3 4 5 7 5964,994/5969,994/5969,True,995/5969,,,0.394
A:r=993,A,993,1 2 3 4 5 7 5970,199/1195,199/1195,True,996/5975,,,0.307
A:r=994,A,994,1 2 3 4 5 7 5976,996/5981,996/5981,True,997/5981,,,0.396
A:r=995,A,995,1 2 3 4 5 7 5982,997/5987,997/5987,True,998/5987,,,0.397
A:r=996,A,996,1 2 3 4 5 7 5988,998/5993,998/5993,True,999/5993,,,0.304
A:r=997,A,997,1 2 3 4 5 7 5994,999/5999,999/5999,True,1000/5999,,,0.501
A:r=998,A,998,1 2 3 4 5 7 6000,200/1201,200/1201,True,1001/6005,,,0.696
A:r=999,A,999,1 2 3 4 5 7 6006,1001/6011,1001/6011,True,1002/6011,,,0.31
A:r=1000,A,1000,1 2 3 4 5 7 6012,1002/6017,1002/6017,True,1003/6017,,,0.489
B:r=1,B,1,1 3 4 5 7 11 30,5/37,5/37,True,6/37,full=ok;ext3x=ok,,0.009
B:r=2,B,2,1 3 4 5 7 11 36,6/43,6/43,True,7/43,full=ok;ext3x=ok,,0.101
B:r=3,B,3,1 3 4 5 7 11 42,1/7,1/7,True,8/49,full=ok;ext3x=ok,,0.193
B:r=4,B,4,1 3 4 5 7 11 48,8/55,8/55,True,9/55,full=ok,,0.003
B:r=5,B,5,1 3 4 5 7 11 54,9/61,9/61,True,10/61,full=ok,,0.004
B:r=6,B,6,1 3 4 5 7 11 60,10/67,10/67,True,11/67,full=ok,,0.091
B:r=7,B,7,1 3 4 5 7 11 66,11/73,11/73,True,12/73,full=ok,,0.005
B:r=8,B,8,1 3 4 5 7 11 72,12/79,12/79,True,13/79,full=ok,,0.093
B:r=9,B,9,1 3 4 5 7 11 78,13/85,13/85,True,14/85,full=ok,,0.007
B:r=10,B,10,1 3 4 5 7 11 84,2/13,2/13,True,15/91,full=ok,,0.095
B:r=11,B,11,1 3 4 5 7 11 90,15/97,15/97,True,16/97,full=ok,,0.008
B:r=12,B,12,1 3 4 5 7 11 96,16/103,16/103,True,17/103,full=ok,,0.098
B:r=13,B,13,1 3 4 5 7 11 102,17/109,17/109,True,18/109,full=ok,,0.099
B:r=14,B,14,1 3 4 5 7 11 108,18/115,18/115,True,19/115,full=ok,,0.1
B:r=15,B,15,1 3 4 5 7 11 114,19/121,19/121,True,20/121,full=ok,,0.101
B:r=16,B,16,1 3 4 5 7 11 120,20/127,20/127,True,21/127,full=ok,,0.104
B:r=17,B,17,1 3 4 5 7 11 126,3/19,3/19,True,22/133,full=ok,,0.192
B:r=18,B,18,1 3 4 5 7 11 132,22/139,22/139,True,23/139,full=ok,,0.107
B:r=19,B,19,1 3 4 5 7 11 138,23/145,23/145,True,24/145,full=ok,,0.196
B:r=20,B,20,1 3 4 5 7 11 144,24/151,24/151,True,25/151,full=ok,,0.199
B:r=21,B,21,1 3 4 5 7 11 150,25/157,25/157,True,26/157,full=ok,,0.203
B:r=22,B,22,1 3 4 5 7 11 156,26/163,26/163,True,27/163,full=ok,,0.202
B:r=23,B,23,1 3 4 5 7 11 162,27/169,27/169,True,28/169,full=ok,,0.202
B:r=24,B,24,1 3 4 5 7 11 168,4/25,4/25,True,29/175,full=ok,,0.205
B:r=25,B,25,1 3 4 5 7 11 174,29/181,29/181,True,30/181,full=ok,,0.205
B:r=26,B,26,1 3 4 5 7 11 180,30/187,30/187,True,31/187,full=ok,,0.29
B:r=27,B,27,1 3 4 5 7 11 186,31/193,31/193,True,32/193,full=ok,,0.298
B:r=28,B,28,1 3 4 5 7 11 192,32/199,32/199,True,33/199,full=ok,,0.4
B:r=29,B,29,1 3 4 5 7 11 198,33/205,33/205,True,34/205,full=ok,,0.404
B:r=30,B,30,1 3 4 5 7 11 204,34/211,34/211,True,35/211,full=ok,,0.598
B:r=31,B,31,1 3 4 5 7 11 210,5/31,5/31,True,36/217,full=ok,,0.402
B:r=32,B,32,1 3 4 5 7 11 216,36/223,36/223,True,37/223,full=ok,,0.399
B:r=33,B,33,1 3 4 5 7 11 222,37/229,37/229,True,38/229,full=ok,,0.399
B:r=34,B,34,1 3 4 5 7 11 228,38/235,38/235,True,39/235,full=ok,,0.31
B:r=35,B,35,1 3 4 5 7 11 234,39/241,39/241,True,40/241,full=ok,,0.489
B:r=36,B,36,1 3 4 5 7 11 240,40/247,40/247,True,41/247,full=ok,,0.402
B:r=37,B,37,1 3 4 5 7 11 246,41/253,41/253,True,42/253,full=ok,,0.501
B:r=38,B,38,1 3 4 5 7 11 252,6/37,6/37,True,43/259,full=ok,,0.505
B:r=39,B,39,1 3 4 5 7 11 258,43/265,43/265,True,44/265,full=ok,,0.497
B:r=40,B,40,1 3 4 5 7 11 264,44/271,44/271,True,45/271,full=ok,,0.795
B:r=41,B,41,1 3 4 5 7 11 270,45/277,45/277,True,46/277,,,0.003
B:r=42,B,42,1 3 4 5 7 11 276,46/283,46/283,True,47/283,,,0.003
B:r=43,B,43,1 3 4 5 7 11 282,47/289,47/289,True,48/289,,,0.002
B:r=44,B,44,1 3 4 5 7 11 288,48/295,48/295,True,49/295,,,0.001
B:r=45,B,45,1 3 4 5 7 11 294,7/43,7/43,True,50/301,,,0.001
B:r=46,B,46,1 3 4 5 7 11 300,50/307,50/307,True,51/307,,,0.09
B:r=47,B,47,1 3 4 5 7 11 306,51/313,51/313,True,52/313,,,0.003
B:r=48,B,48,1 3 4 5 7 11 312,52/319,52/319,True,53/319,,,0.096
B:r=49,B,49,1 3 4 5 7 11 318,53/325,53/325,True,54/325,,,0.001
B:r=50,B,50,1 3 4 5 7 11 324,54/331,54/331,True,55/331,,,0.001
B:r=51,B,51,1 3 4 5 7 11 330,55/337,55/337,True,56/337,,,0.002
B:r=52,B,52,1 3 4 5 7 11 336,8/49,8/49,True,57/343,,,0.001
B:r=53,B,53,1 3 4 5 7 11 342,57/349,57/349,True,58/349,,,0.001
B:r=54,B,54,1 3 4 5 7 11 348,58/355,58/355,True,59/355,,,0.001
B:r=55,B,55,1 3 4 5 7 11 354,59/361,59/361,True,60/361,,,0.001
B:r=56,B,56,1 3 4 5 7 11 360,60/367,60/367,True,61/367,,,0.002
B:r=57,B,57,1 3 4 5 7 11 366,61/373,61/373,True,62/373,,,0.089
B:r=58,B,58,1 3 4 5 7 11 372,62/379,62/379,True,63/379,,,0.002
B:r=59,B,59,1 3 4 5 7 11 378,9/55,9/55,True,64/385,,,0.002
B:r=60,B,60,1 3 4 5 7 11 384,64/391,64/391,True,65/391,,,0.002
B:r=61,B,61,1 3 4 5 7 11 390,65/397,65/397,True,66/397,,,0.002
B:r=62,B,62,1 3 4 5 7 11 396,66/403,66/403,True,67/403,,,0.002
B:r=63,B,63,1 3 4 5 7 11 402,67/409,67/409,True,68/409,,,0.002
B:r=64,B,64,1 3 4 5 7 11 408,68/415,68/415,True,69/415,,,0.089
B:r=65,B,65,1 3 4 5 7 11 414,69/421,69/421,True,70/421,,,0.002
B:r=66,B,66,1 3 4 5 7 11 420,10/61,10/61,True,71/427,,,0.002
B:r=67,B,67,1 3 4 5 7 11 426,71/433,71/433,True,72/433,,,0.002
B:r=68,B,68,1 3 4 5 7 11 432,72/439,72/439,True,73/439,,,0.002
B:r=69,B,69,1 3 4 5 7 11 438,73/445,73/445,True,74/445,,,0.002
B:r=70,B,70,1 3 4 5 7 11 444,74/451,74/451,True,75/451,,,0.002
B:r=71,B,71,1 3 4 5 7 11 450,75/457,75/457,True,76/457,,,0.089
B:r=72,B,72,1 3 4 5 7 11 456,76/463,76/463,True,77/463,,,0.002
B:r=73,B,73,1 3 4 5 7 11 462,11/67,11/67,True,78/469,,,0.002
B:r=74,B,74,1 3 4 5 7 11 468,78/475,78/475,True,79/475,,,0.002
B:r=75,B,75,1 3 4 5 7 11 474,79/481,79/481,True,80/481,,,0.002
B:r=76,B,76,1 3 4 5 7 11 480,80/487,80/487,True,81/487,,,0.002
B:r=77,B,77,1 3 4 5 7 11 486,81/493,81/493,True,82/493,,,0.089
B:r=78,B,78,1 3 4 5 7 11 492,82/499,82/499,True,83/499,,,0.002
B:r=79,B,79,1 3 4 5 7 11 498,83/505,83/505,True,84/505,,,0.002
B:r=80,B,80,1 3 4 5 7 11 504,12/73,12/73,True,85/511,,,0.002
B:r=81,B,81,1 3 4 5 7 11 510,85/517,85/517,True,86/517,,,0.002
B:r=82,B,82,1 3 4 5 7 11 516,86/523,86/523,True,87/523,,,0.002
B:r=83,B,83,1 3 4 5 7 11 522,87/529,87/529,True,88/529,,,0.09
B:r=84,B,84,1 3 4 5 7 11 528,88/535,88/535,True,89/535,,,0.002
B:r=85,B,85,1 3 4 5 7 11 534,89/541,89/541,True,90/541,,,0.002
B:r=86,B,86,1 3 4 5 7 11 540,90/547,90/547,True,91/547,,,0.003
B:r=87,B,87,1 3 4 5 7 11 546,13/79,13/79,True,92/553,,,0.002
B:r=88,B,88,1 3 4 5 7 11 552,92/559,92/559,True,93/559,,,0.002
B:r=89,B,89,1 3 4 5 7 11 558,93/565,93/565,True,94/565,,,0.09
B:r=90,B,90,1 3 4 5 7 11 564,94/571,94/571,True,95/571,,,0.002
B:r=91,B,91,1 3 4 5 7 11 570,95/577,95/577,True,96/577,,,0.002
B:r=92,B,92,1 3 4 5 7 11 576,96/583,96/583,True,97/583,,,0.002
B:r=93,B,93,1 3 4 5 7 11 582,97/589,97/589,True,98/589,,,0.091
B:r=94,B,94,1 3 4 5 7 11 588,14/85,14/85,True,99/595,,,0.002
B:r=95,B,95,1 3 4 5 7 11 594,99/601,99/601,True,100/601,,,0.002
B:r=96,B,96,1 3 4 5 7 11 600,100/607,100/607,True,101/607,,,0.003
B:r=97,B,97,1 3 4 5 7 11 606,101/613,101/613,True,102/613,,,0.003
B:r=98,B,98,1 3 4 5 7 11 612,102/619,102/619,True,103/619,,,0.09
B:r=99,B,99,1 3 4 5 7 11 618,103/625,103/625,True,104/625,,,0.003
B:r=100,B,100,1 3 4 5 7 11 624,104/631,104/631,True,105/631,,,0.003
B:r=101,B,101,1 3 4 5 7 11 630,15/91,15/91,True,106/637,,,0.003
B:r=102,B,102,1 3 4 5 7 11 636,106/643,106/643,True,107/643,,,0.003
B:r=103,B,103,1 3 4 5 7 11 642,107/649,107/649,True,108/649,,,0.09
B:r=104,B,104,1 3 4 5 7 11 648,108/655,108/655,True,109/655,,,0.003
B:r=105,B,105,1 3 4 5 7 11 654,109/661,109/661,True,110/661,,,0.003
B:r=106,B,106,1 3 4 5 7 11 660,110/667,110/667,True,111/667,,,0.003
B:r=107,B,107,1 3 4 5 7 11 666,111/673,111/673,True,112/673,,,0.003
B:r=108,B,108,1 3 4 5 7 11 672,16/97,16/97,True,113/679,,,0.09
B:r=109,B,109,1 3 4 5 7 11 678,113/685,113/685,True,114/685,,,0.003
B:r=110,B,110,1 3 4 5 7 11 684,114/691,114/691,True,115/691,,,0.003
B:r=111,B,111,1 3 4 5 7 11 690,115/697,115/697,True,116/697,,,0.003
B:r=112,B,112,1 3 4 5 7 11 696,116/703,116/703,True,117/703,,,0.09
B:r=113,B,113,1 3 4 5 7 11 702,117/709,117/709,True,118/709,,,0.003
B:r=114,B,114,1 3 4 5 7 11 708,118/715,118/715,True,119/715,,,0.003
B:r=115,B,115,1 3 4 5 7 11 714,17/103,17/103,True,120/721,,,0.003
B:r=116,B,116,1 3 4 5 7 11 720,120/727,120/727,True,121/727,,,0.091
B:r=117,B,117,1 3 4 5 7 11 726,121/733,121/733,True,122/733,,,0.003
B:r=118,B,118,1 3 4 5 7 11 732,122/739,122/739,True,123/739,,,0.003
B:r=119,B,119,1 3 4 5 7 11 738,123/745,123/745,True,124/745,,,0.003
B:r=120,B,120,1 3 4 5 7 11 744,124/751,124/751,True,125/751,,,0.09
B:r=121,B,121,1 3 4 5 7 11 750,125/757,125/757,True,126/757,,,0.003
B:r=122,B,122,1 3 4 5 7 11 756,18/109,18/109,True,127/763,,,0.003
B:r=123,B,123,1 3 4 5 7 11 762,127/769,127/769,True,128/769,,,0.091
B:r=124,B,124,1 3 4 5 7 11 768,128/775,128/775,True,129/775,,,0.003
B:r=125,B,125,1 3 4 5 7 11 774,129/781,129/781,True,130/781,,,0.003
B:r=126,B,126,1 3 4 5 7 11 780,130/787,130/787,True,131/787,,,0.003
B:r=127,B,127,1 3 4 5 7 11 786,131/793,131/793,True,132/793,,,0.003
B:r=128,B,128,1 3 4 5 7 11 792,132/799,132/799,True,133/799,,,0.09
B:r=129,B,129,1 3 4 5 7 11 798,19/115,19/115,True,134/805,,,0.004
B:r=130,B,130,1 3 4 5 7 11 804,134/811,134/811,True,135/811,,,0.003
B:r=131,B,131,1 3 4 5 7 11 810,135/817,135/817,True,136/817,,,0.092
B:r=132,B,132,1 3 4 5 7 11 816,136/823,136/823,True,137/823,,,0.004
B:r=133,B,133,1 3 4 5 7 11 822,137/829,137/829,True,138/829,,,0.004
B:r=134,B,134,1 3 4 5 7 11 828,138/835,138/835,True,139/835,,,0.093
B:r=135,B,135,1 3 4 5 7 11 834,139/841,139/841,True,140/841,,,0.009
B:r=136,B,136,1 3 4 5 7 11 840,20/121,20/121,True,141/847,,,0.093
B:r=137,B,137,1 3 4 5 7 11 846,141/853,141/853,True,142/853,,,0.096
B:r=138,B,138,1 3 4 5 7 11 852,142/859,142/859,True,143/859,,,0.008
B:r=139,B,139,1 3 4 5 7 11 858,143/865,143/865,True,144/865,,,0.096
B:r=140,B,140,1 3 4 5 7 11 864,144/871,144/871,True,145/871,,,0.009
B:r=141,B,141,1 3 4 5 7 11 870,145/877,145/877,True,146/877,,,0.009
B:r=142,B,142,1 3 4 5 7 11 876,146/883,146/883,True,147/883,,,0.094
B:r=143,B,143,1 3 4 5 7 11 882,21/127,21/127,True,148/889,,,0.009
B:r=144,B,144,1 3 4 5 7 11 888,148/895,148/895,True,149/895,,,0.096
B:r=145,B,145,1 3 4 5 7 11 894,149/901,149/901,True,150/901,,,0.096
B:r=146,B,146,1 3 4 5 7 11 900,150/907,150/907,True,151/907,,,0.096
B:r=147,B,147,1 3 4 5 7 11 906,151/913,151/913,True,152/913,,,0.009
B:r=148,B,148,1 3 4 5 7 11 912,152/919,152/919,True,153/919,,,0.096
B:r=149,B,149,1 3 4 5 7 11 918,153/925,153/925,True,154/925,,,0.096
B:r=150,B,150,1 3 4 5 7 11 924,22/133,22/133,True,155/931,,,0.097
B:r=151,B,151,1 3 4 5 7 11 930,155/937,155/937,True,156/937,,,0.009
B:r=152,B,152,1 3 4 5 7 11 936,156/943,156/943,True,157/943,,,0.096
B:r=153,B,153,1 3 4 5 7 11 942,157/949,157/949,True,158/949,,,0.097
B:r=154,B,154,1 3 4 5 7 11 948,158/955,158/955,True,159/955,,,0.097
B:r=155,B,155,1 3 4 5 7 11 954,159/961,159/961,True,160/961,,,0.009
B:r=156,B,156,1 3 4 5 7 11 960,160/967,160/967,True,161/967,,,0.097
B:r=157,B,157,1 3 4 5 7 11 966,23/139,23/139,True,162/973,,,0.097
B:r=158,B,158,1 3 4 5 7 11 972,162/979,162/979,True,163/979,,,0.097
B:r=159,B,159,1 3 4 5 7 11 978,163/985,163/985,True,164/985,,,0.01
B:r=160,B,160,1 3 4 5 7 11 984,164/991,164/991,True,165/991,,,0.097
B:r=161,B,161,1 3 4 5 7 11 990,165/997,165/997,True,166/997,,,0.097
B:r=162,B,162,1 3 4 5 7 11 996,166/1003,166/1003,True,167/1003,,,0.097
B:r=163,B,163,1 3 4 5 7 11 1002,167/1009,167/1009,True,168/1009,,,0.01
B:r=164,B,164,1 3 4 5 7 11 1008,24/145,24/145,True,169/1015,,,0.097
B:r=165,B,165,1 3 4 5 7 11 1014,169/1021,169/1021,True,170/1021,,,0.097
B:r=166,B,166,1 3 4 5 7 11 1020,170/1027,170/1027,True,171/1027,,,0.097
B:r=167,B,167,1 3 4 5 7 11 1026,171/1033,171/1033,True,172/1033,,,0.103
B:r=168,B,168,1 3 4 5 7 11 1032,172/1039,172/1039,True,173/1039,,,0.098
B:r=169,B,169,1 3 4 5 7 11 1038,173/1045,173/1045,True,174/1045,,,0.197
B:r=170,B,170,1 3 4 5 7 11 1044,174/1051,174/1051,True,175/1051,,,0.01
B:r=171,B,171,1 3 4 5 7 11 1050,25/151,25/151,True,176/1057,,,0.096
B:r=172,B,172,1 3 4 5 7 11 1056,176/1063,176/1063,True,177/1063,,,0.098
B:r=173,B,173,1 3 4 5 7 11 1062,177/1069,177/1069,True,178/1069,,,0.098
B:r=174,B,174,1 3 4 5 7 11 1068,178/1075,178/1075,True,179/1075,,,0.098
B:r=175,B,175,1 3 4 5 7 11 1074,179/1081,179/1081,True,180/1081,,,0.011
B:r=176,B,176,1 3 4 5 7 11 1080,180/1087,180/1087,True,181/1087,,,0.098
B:r=177,B,177,1 3 4 5 7 11 1086,181/1093,181/1093,True,182/1093,,,0.098
B:r=178,B,178,1 3 4 5 7 11 1092,26/157,26/157,True,183/1099,,,0.098
B:r=179,B,179,1 3 4 5 7 11 1098,183/1105,183/1105,True,184/1105,,,0.098
B:r=180,B,180,1 3 4 5 7 11 1104,184/1111,184/1111,True,185/1111,,,0.098
B:r=181,B,181,1 3 4 5 7 11 1110,185/1117,185/1117,True,186/1117,,,0.098
B:r=182,B,182,1 3 4 5 7 11 1116,186/1123,186/1123,True,187/1123,,,0.098
B:r=183,B,183,1 3 4 5 7 11 1122,187/1129,187/1129,True,188/1129,,,0.011
B:r=184,B,184,1 3 4 5 7 11 1128,188/1135,188/1135,True,189/1135,,,0.098
B:r=185,B,185,1 3 4 5 7 11 1134,27/163,27/163,True,190/1141,,,0.099
B:r=186,B,186,1 3 4 5 7 11 1140,190/1147,190/1147,True,191/1147,,,0.098
B:r=187,B,187,1 3 4 5 7 11 1146,191/1153,191/1153,True,192/1153,,,0.098
B:r=188,B,188,1 3 4 5 7 11 1152,192/1159,192/1159,True,193/1159,,,0.099
B:r=189,B,189,1 3 4 5 7 11 1158,193/1165,193/1165,True,194/1165,,,0.1
B:r=190,B,190,1 3 4 5 7 11 1164,194/1171,194/1171,True,195/1171,,,0.099
B:r=191,B,191,1 3 4 5 7 11 1170,195/1177,195/1177,True,196/1177,,,0.099
B:r=192,B,192,1 3 4 5 7 11 1176,28/169,28/169,True,197/1183,,,0.099
B:r=193,B,193,1 3 4 5 7 11 1182,197/1189,197/1189,True,198/1189,,,0.099
B:r=194,B,194,1 3 4 5 7 11 1188,198/1195,198/1195,True,199/1195,,,0.012
B:r=195,B,195,1 3 4 5 7 11 1194,199/1201,199/1201,True,200/1201,,,0.099
B:r=196,B,196,1 3 4 5 7 11 1200,200/1207,200/1207,True,201/1207,,,0.099
B:r=197,B,197,1 3 4 5 7 11 1206,201/1213,201/1213,True,202/1213,,,0.099
B:r=198,B,198,1 3 4 5 7 11 1212,202/1219,202/1219,True,203/1219,,,0.099
B:r=199,B,199,1 3 4 5 7 11 1218,29/175,29/175,True,204/1225,,,0.099
B:r=200,B,200,1 3 4 5 7 11 1224,204/1231,204/1231,True,205/1231,,,0.099
B:r=201,B,201,1 3 4 5 7 11 1230,205/1237,205/1237,True,206/1237,,,0.099
B:r=202,B,202,1 3 4 5 7 11 1236,206/1243,206/1243,True,207/1243,,,0.1
B:r=203,B,203,1 3 4 5 7 11 1242,207/1249,207/1249,True,208/1249,,,0.099
B:r=204,B,204,1 3 4 5 7 11 1248,208/1255,208/1255,True,209/1255,,,0.1
B:r=205,B,205,1 3 4 5 7 11 1254,209/1261,209/1261,True,210/1261,,,0.1
B:r=206,B,206,1 3 4 5 7 11 1260,30/181,30/181,True,211/1267,,,0.1
B:r=207,B,207,1 3 4 5 7 11 1266,211/1273,211/1273,True,212/1273,,,0.1
B:r=208,B,208,1 3 4 5 7 11 1272,212/1279,212/1279,True,213/1279,,,0.1
B:r=209,B,209,1 3 4 5 7 11 1278,213/1285,213/1285,True,214/1285,,,0.1
B:r=210,B,210,1 3 4 5 7 11 1284,214/1291,214/1291,True,215/1291,,,0.1
B:r=211,B,211,1 3 4 5 7 11 1290,215/1297,215/1297,True,216/1297,,,0.101
B:r=212,B,212,1 3 4 5 7 11 1296,216/1303,216/1303,True,217/1303,,,0.194
B:r=213,B,213,1 3 4 5 7 11 1302,31/187,31/187,True,218/1309,,,0.01
B:r=214,B,214,1 3 4 5 7 11 1308,218/1315,218/1315,True,219/1315,,,0.099
B:r=215,B,215,1 3 4 5 7 11 1314,219/1321,219/1321,True,220/1321,,,0.102
B:r=216,B,216,1 3 4 5 7 11 1320,220/1327,220/1327,True,221/1327,,,0.101
B:r=217,B,217,1 3 4 5 7 11 1326,221/1333,221/1333,True,222/1333,,,0.188
B:r=218,B,218,1 3 4 5 7 11 1332,222/1339,222/1339,True,223/1339,,,0.101
B:r=219,B,219,1 3 4 5 7 11 1338,223/1345,223/1345,True,224/1345,,,0.101
B:r=220,B,220,1 3 4 5 7 11 1344,32/193,32/193,True,225/1351,,,0.101
B:r=221,B,221,1 3 4 5 7 11 1350,225/1357,225/1357,True,226/1357,,,0.101
B:r=222,B,222,1 3 4 5 7 11 1356,226/1363,226/1363,True,227/1363,,,0.101
B:r=223,B,223,1 3 4 5 7 11 1362,227/1369,227/1369,True,228/1369,,,0.014
B:r=224,B,224,1 3 4 5 7 11 1368,228/1375,228/1375,True,229/1375,,,0.094
B:r=225,B,225,1 3 4 5 7 11 1374,229/1381,229/1381,True,230/1381,,,0.188
B:r=226,B,226,1 3 4 5 7 11 1380,230/1387,230/1387,True,231/1387,,,0.1
B:r=227,B,227,1 3 4 5 7 11 1386,33/199,33/199,True,232/1393,,,0.101
B:r=228,B,228,1 3 4 5 7 11 1392,232/1399,232/1399,True,233/1399,,,0.101
B:r=229,B,229,1 3 4 5 7 11 1398,233/1405,233/1405,True,234/1405,,,0.102
B:r=230,B,230,1 3 4 5 7 11 1404,234/1411,234/1411,True,235/1411,,,0.101
B:r=231,B,231,1 3 4 5 7 11 1410,235/1417,235/1417,True,236/1417,,,0.101
B:r=232,B,232,1 3 4 5 7 11 1416,236/1423,236/1423,True,237/1423,,,0.101
B:r=233,B,233,1 3 4 5 7 11 1422,237/1429,237/1429,True,238/1429,,,0.101
B:r=234,B,234,1 3 4 5 7 11 1428,34/205,34/205,True,239/1435,,,0.101
B:r=235,B,235,1 3 4 5 7 11 1434,239/1441,239/1441,True,240/1441,,,0.189
B:r=236,B,236,1 3 4 5 7 11 1440,240/1447,240/1447,True,241/1447,,,0.102
B:r=237,B,237,1 3 4 5 7 11 1446,241/1453,241/1453,True,242/1453,,,0.102
B:r=238,B,238,1 3 4 5 7 11 1452,242/1459,242/1459,True,243/1459,,,0.103
B:r=239,B,239,1 3 4 5 7 11 1458,243/1465,243/1465,True,244/1465,,,0.102
B:r=240,B,240,1 3 4 5 7 11 1464,244/1471,244/1471,True,245/1471,,,0.102
B:r=241,B,241,1 3 4 5 7 11 1470,35/211,35/211,True,246/1477,,,0.19
B:r=242,B,242,1 3 4 5 7 11 1476,246/1483,246/1483,True,247/1483,,,0.102
B:r=243,B,243,1 3 4 5 7 11 1482,247/1489,247/1489,True,248/1489,,,0.102
B:r=244,B,244,1 3 4 5 7 11 1488,248/1495,248/1495,True,249/1495,,,0.102
B:r=245,B,245,1 3 4 5 7 11 1494,249/1501,249/1501,True,250/1501,,,0.103
B:r=246,B,246,1 3 4 5 7 11 1500,250/1507,250/1507,True,251/1507,,,0.103
B:r=247,B,247,1 3 4 5 7 11 1506,251/1513,251/1513,True,252/1513,,,0.189
B:r=248,B,248,1 3 4 5 7 11 1512,36/217,36/217,True,253/1519,,,0.006
B:r=249,B,249,1 3 4 5 7 11 1518,253/1525,253/1525,True,254/1525,,,0.094
B:r=250,B,250,1 3 4 5 7 11 1524,254/1531,254/1531,True,255/1531,,,0.006
B:r=251,B,251,1 3 4 5 7 11 1530,255/1537,255/1537,True,256/1537,,,0.094
B:r=252,B,252,1 3 4 5 7 11 1536,256/1543,256/1543,True,257/1543,,,0.007
B:r=253,B,253,1 3 4 5 7 11 1542,257/1549,257/1549,True,258/1549,,,0.007
B:r=254,B,254,1 3 4 5 7 11 1548,258/1555,258/1555,True,259/1555,,,0.091
B:r=255,B,255,1 3 4 5 7 11 1554,37/223,37/223,True,260/1561,,,0.095
B:r=256,B,256,1 3 4 5 7 11 1560,260/1567,260/1567,True,261/1567,,,0.1
B:r=257,B,257,1 3 4 5 7 11 1566,261/1573,261/1573,True,262/1573,,,0.109
B:r=258,B,258,1 3 4 5 7 11 1572,262/1579,262/1579,True,263/1579,,,0.1
B:r=259,B,259,1 3 4 5 7 11 1578,263/1585,263/1585,True,264/1585,,,0.094
B:r=260,B,260,1 3 4 5 7 11 1584,264/1591,264/1591,True,265/1591,,,0.007
B:r=261,B,261,1 3 4 5 7 11 1590,265/1597,265/1597,True,266/1597,,,0.094
B:r=262,B,262,1 3 4 5 7 11 1596,38/229,38/229,True,267/1603,,,0.007
B:r=263,B,263,1 3 4 5 7 11 1602,267/1609,267/1609,True,268/1609,,,0.007
B:r=264,B,264,1 3 4 5 7 11 1608,268/1615,268/1615,True,269/1615,,,0.088
B:r=265,B,265,1 3 4 5 7 11 1614,269/1621,269/1621,True,270/1621,,,0.094
B:r=266,B,266,1 3 4 5 7 11 1620,270/1627,270/1627,True,271/1627,,,0.007
B:r=267,B,267,1 3 4 5 7 11 1626,271/1633,271/1633,True,272/1633,,,0.094
B:r=268,B,268,1 3 4 5 7 11 1632,272/1639,272/1639,True,273/1639,,,0.007
B:r=269,B,269,1 3 4 5 7 11 1638,39/235,39/235,True,274/1645,,,0.096
B:r=270,B,270,1 3 4 5 7 11 1644,274/1651,274/1651,True,275/1651,,,0.007
B:r=271,B,271,1 3 4 5 7 11 1650,275/1657,275/1657,True,276/1657,,,0.094
B:r=272,B,272,1 3 4 5 7 11 1656,276/1663,276/1663,True,277/1663,,,0.094
B:r=273,B,273,1 3 4 5 7 11 1662,277/1669,277/1669,True,278/1669,,,0.008
B:r=274,B,274,1 3 4 5 7 11 1668,278/1675,278/1675,True,279/1675,,,0.094
B:r=275,B,275,1 3 4 5 7 11 1674,279/1681,279/1681,True,280/1681,,,0.009
B:r=276,B,276,1 3 4 5 7 11 1680,40/241,40/241,True,281/1687,,,0.089
B:r=277,B,277,1 3 4 5 7 11 1686,281/1693,281/1693,True,282/1693,,,0.008
B:r=278,B,278,1 3 4 5 7 11 1692,282/1699,282/1699,True,283/1699,,,0.095
B:r=279,B,279,1 3 4 5 7 11 1698,283/1705,283/1705,True,284/1705,,,0.007
B:r=280,B,280,1 3 4 5 7 11 1704,284/1711,284/1711,True,285/1711,,,0.095
B:r=281,B,281,1 3 4 5 7 11 1710,285/1717,285/1717,True,286/1717,,,0.095
B:r=282,B,282,1 3 4 5 7 11 1716,286/1723,286/1723,True,287/1723,,,0.008
B:r=283,B,283,1 3 4 5 7 11 1722,41/247,41/247,True,288/1729,,,0.096
B:r=284,B,284,1 3 4 5 7 11 1728,288/1735,288/1735,True,289/1735,,,0.008
B:r=285,B,285,1 3 4 5 7 11 1734,289/1741,289/1741,True,290/1741,,,0.089
B:r=286,B,286,1 3 4 5 7 11 1740,290/1747,290/1747,True,291/1747,,,0.008
B:r=287,B,287,1 3 4 5 7 11 1746,291/1753,291/1753,True,292/1753,,,0.095
B:r=288,B,288,1 3 4 5 7 11 1752,292/1759,292/1759,True,293/1759,,,0.008
B:r=289,B,289,1 3 4 5 7 11 1758,293/1765,293/1765,True,294/1765,,,0.095
B:r=290,B,290,1 3 4 5 7 11 1764,42/253,42/253,True,295/1771,,,0.095
B:r=291,B,291,1 3 4 5 7 11 1770,295/1777,295/1777,True,296/1777,,,0.008
B:r=292,B,292,1 3 4 5 7 11 1776,296/1783,296/1783,True,297/1783,,,0.095
B:r=293,B,293,1 3 4 5 7 11 1782,297/1789,297/1789,True,298/1789,,,0.095
B:r=294,B,294,1 3 4 5 7 11 1788,298/1795,298/1795,True,299/1795,,,0.008
B:r=295,B,295,1 3 4 5 7 11 1794,299/1801,299/1801,True,300/1801,,,0.095
B:r=296,B,296,1 3 4 5 7 11 1800,300/1807,300/1807,True,301/1807,,,0.008
B:r=297,B,297,1 3 4 5 7 11 1806,43/259,43/259,True,302/1813,,,0.097
B:r=298,B,298,1 3 4 5 7 11 1812,302/1819,302/1819,True,303/1819,,,0.101
B:r=299,B,299,1 3 4 5 7 11 1818,303/1825,303/1825,True,304/1825,,,0.1
B:r=300,B,300,1 3 4 5 7 11 1824,304/1831,304/1831,True,305/1831,,,0.101
B:r=301,B,301,1 3 4 5 7 11 1830,305/1837,305/1837,True,306/1837,,,0.1
B:r=302,B,302,1 3 4 5 7 11 1836,306/1843,306/1843,True,307/1843,,,0.101
B:r=303,B,303,1 3 4 5 7 11 1842,307/1849,307/1849,True,308/1849,,,0.1
B:r=304,B,304,1 3 4 5 7 11 1848,44/265,44/265,True,309/1855,,,0.101
B:r=305,B,305,1 3 4 5 7 11 1854,309/1861,309/1861,True,310/1861,,,0.101
B:r=306,B,306,1 3 4 5 7 11 1860,310/1867,310/1867,True,311/1867,,,0.188
B:r=307,B,307,1 3 4 5 7 11 1866,311/1873,311/1873,True,312/1873,,,0.01
B:r=308,B,308,1 3 4 5 7 11 1872,312/1879,312/1879,True,313/1879,,,0.098
B:r=309,B,309,1 3 4 5 7 11 1878,313/1885,313/1885,True,314/1885,,,0.102
B:r=310,B,310,1 3 4 5 7 11 1884,314/1891,314/1891,True,315/1891,,,0.096
B:r=311,B,311,1 3 4 5 7 11 1890,45/271,45/271,True,316/1897,,,0.096
B:r=312,B,312,1 3 4 5 7 11 1896,316/1903,316/1903,True,317/1903,,,0.009
B:r=313,B,313,1 3 4 5 7 11 1902,317/1909,317/1909,True,318/1909,,,0.1
B:r=314,B,314,1 3 4 5 7 11 1908,318/1915,318/1915,True,319/1915,,,0.19
B:r=315,B,315,1 3 4 5 7 11 1914,319/1921,319/1921,True,320/1921,,,0.203
B:r=316,B,316,1 3 4 5 7 11 1920,320/1927,320/1927,True,321/1927,,,0.008
B:r=317,B,317,1 3 4 5 7 11 1926,321/1933,321/1933,True,322/1933,,,0.096
B:r=318,B,318,1 3 4 5 7 11 1932,46/277,46/277,True,323/1939,,,0.096
B:r=319,B,319,1 3 4 5 7 11 1938,323/1945,323/1945,True,324/1945,,,0.009
B:r=320,B,320,1 3 4 5 7 11 1944,324/1951,324/1951,True,325/1951,,,0.096
B:r=321,B,321,1 3 4 5 7 11 1950,325/1957,325/1957,True,326/1957,,,0.009
B:r=322,B,322,1 3 4 5 7 11 1956,326/1963,326/1963,True,327/1963,,,0.094
B:r=323,B,323,1 3 4 5 7 11 1962,327/1969,327/1969,True,328/1969,,,0.192
B:r=324,B,324,1 3 4 5 7 11 1968,328/1975,328/1975,True,329/1975,,,0.105
B:r=325,B,325,1 3 4 5 7 11 1974,47/283,47/283,True,330/1981,,,0.104
B:r=326,B,326,1 3 4 5 7 11 1980,330/1987,330/1987,True,331/1987,,,0.191
B:r=327,B,327,1 3 4 5 7 11 1986,331/1993,331/1993,True,332/1993,,,0.102
B:r=328,B,328,1 3 4 5 7 11 1992,332/1999,332/1999,True,333/1999,,,0.105
B:r=329,B,329,1 3 4 5 7 11 1998,333/2005,333/2005,True,334/2005,,,0.192
B:r=330,B,330,1 3 4 5 7 11 2004,334/2011,334/2011,True,335/2011,,,0.015
B:r=331,B,331,1 3 4 5 7 11 2010,335/2017,335/2017,True,336/2017,,,0.095
B:r=332,B,332,1 3 4 5 7 11 2016,48/289,48/289,True,337/2023,,,0.192
B:r=333,B,333,1 3 4 5 7 11 2022,337/2029,337/2029,True,338/2029,,,0.106
B:r=334,B,334,1 3 4 5 7 11 2028,338/2035,338/2035,True,339/2035,,,0.194
B:r=335,B,335,1 3 4 5 7 11 2034,339/2041,339/2041,True,340/2041,,,0.103
B:r=336,B,336,1 3 4 5 7 11 2040,340/2047,340/2047,True,341/2047,,,0.194
B:r=337,B,337,1 3 4 5 7 11 2046,341/2053,341/2053,True,342/2053,,,0.106
B:r=338,B,338,1 3 4 5 7 11 2052,342/2059,342/2059,True,343/2059,,,0.094
B:r=339,B,339,1 3 4 5 7 11 2058,49/295,49/295,True,344/2065,,,0.108
B:r=340,B,340,1 3 4 5 7 11 2064,344/2071,344/2071,True,345/2071,,,0.104
B:r=341,B,341,1 3 4 5 7 11 2070,345/2077,345/2077,True,346/2077,,,0.09
B:r=342,B,342,1 3 4 5 7 11 2076,346/2083,346/2083,True,347/2083,,,0.096
B:r=343,B,343,1 3 4 5 7 11 2082,347/2089,347/2089,True,348/2089,,,0.009
B:r=344,B,344,1 3 4 5 7 11 2088,348/2095,348/2095,True,349/2095,,,0.096
B:r=345,B,345,1 3 4 5 7 11 2094,349/2101,349/2101,True,350/2101,,,0.096
B:r=346,B,346,1 3 4 5 7 11 2100,50/301,50/301,True,351/2107,,,0.104
B:r=347,B,347,1 3 4 5 7 11 2106,351/2113,351/2113,True,352/2113,,,0.106
B:r=348,B,348,1 3 4 5 7 11 2112,352/2119,352/2119,True,353/2119,,,0.095
B:r=349,B,349,1 3 4 5 7 11 2118,353/2125,353/2125,True,354/2125,,,0.193
B:r=350,B,350,1 3 4 5 7 11 2124,354/2131,354/2131,True,355/2131,,,0.105
B:r=351,B,351,1 3 4 5 7 11 2130,355/2137,355/2137,True,356/2137,,,0.198
B:r=352,B,352,1 3 4 5 7 11 2136,356/2143,356/2143,True,357/2143,,,0.105
B:r=353,B,353,1 3 4 5 7 11 2142,51/307,51/307,True,358/2149,,,0.104
B:r=354,B,354,1 3 4 5 7 11 2148,358/2155,358/2155,True,359/2155,,,0.19
B:r=355,B,355,1 3 4 5 7 11 2154,359/2161,359/2161,True,360/2161,,,0.107
B:r=356,B,356,1 3 4 5 7 11 2160,360/2167,360/2167,True,361/2167,,,0.195
B:r=357,B,357,1 3 4 5 7 11 2166,361/2173,361/2173,True,362/2173,,,0.104
B:r=358,B,358,1 3 4 5 7 11 2172,362/2179,362/2179,True,363/2179,,,0.097
B:r=359,B,359,1 3 4 5 7 11 2178,363/2185,363/2185,True,364/2185,,,0.098
B:r=360,B,360,1 3 4 5 7 11 2184,52/313,52/313,True,365/2191,,,0.01
B:r=361,B,361,1 3 4 5 7 11 2190,365/2197,365/2197,True,366/2197,,,0.097
B:r=362,B,362,1 3 4 5 7 11 2196,366/2203,366/2203,True,367/2203,,,0.099
B:r=363,B,363,1 3 4 5 7 11 2202,367/2209,367/2209,True,368/2209,,,0.096
B:r=364,B,364,1 3 4 5 7 11 2208,368/2215,368/2215,True,369/2215,,,0.097
B:r=365,B,365,1 3 4 5 7 11 2214,369/2221,369/2221,True,370/2221,,,0.01
B:r=366,B,366,1 3 4 5 7 11 2220,370/2227,370/2227,True,371/2227,,,0.097
B:r=367,B,367,1 3 4 5 7 11 2226,53/319,53/319,True,372/2233,,,0.098
B:r=368,B,368,1 3 4 5 7 11 2232,372/2239,372/2239,True,373/2239,,,0.097
B:r=369,B,369,1 3 4 5 7 11 2238,373/2245,373/2245,True,374/2245,,,0.01
B:r=370,B,370,1 3 4 5 7 11 2244,374/2251,374/2251,True,375/2251,,,0.097
B:r=371,B,371,1 3 4 5 7 11 2250,375/2257,375/2257,True,376/2257,,,0.097
B:r=372,B,372,1 3 4 5 7 11 2256,376/2263,376/2263,True,377/2263,,,0.097
B:r=373,B,373,1 3 4 5 7 11 2262,377/2269,377/2269,True,378/2269,,,0.097
B:r=374,B,374,1 3 4 5 7 11 2268,54/325,54/325,True,379/2275,,,0.01
B:r=375,B,375,1 3 4 5 7 11 2274,379/2281,379/2281,True,380/2281,,,0.098
B:r=376,B,376,1 3 4 5 7 11 2280,380/2287,380/2287,True,381/2287,,,0.097
B:r=377,B,377,1 3 4 5 7 11 2286,381/2293,381/2293,True,382/2293,,,0.097
B:r=378,B,378,1 3 4 5 7 11 2292,382/2299,382/2299,True,383/2299,,,0.01
B:r=379,B,379,1 3 4 5 7 11 2298,383/2305,383/2305,True,384/2305,,,0.097
B:r=380,B,380,1 3 4 5 7 11 2304,384/2311,384/2311,True,385/2311,,,0.098
B:r=381,B,381,1 3 4 5 7 11 2310,55/331,55/331,True,386/2317,,,0.098
B:r=382,B,382,1 3 4 5 7 11 2316,386/2323,386/2323,True,387/2323,,,0.101
B:r=383,B,383,1 3 4 5 7 11 2322,387/2329,387/2329,True,388/2329,,,0.096
B:r=384,B,384,1 3 4 5 7 11 2328,388/2335,388/2335,True,389/2335,,,0.01
B:r=385,B,385,1 3 4 5 7 11 2334,389/2341,389/2341,True,390/2341,,,0.092
B:r=386,B,386,1 3 4 5 7 11 2340,390/2347,390/2347,True,391/2347,,,0.097
B:r=387,B,387,1 3 4 5 7 11 2346,391/2353,391/2353,True,392/2353,,,0.011
B:r=388,B,388,1 3 4 5 7 11 2352,56/337,56/337,True,393/2359,,,0.098
B:r=389,B,389,1 3 4 5 7 11 2358,393/2365,393/2365,True,394/2365,,,0.098
B:r=390,B,390,1 3 4 5 7 11 2364,394/2371,394/2371,True,395/2371,,,0.097
B:r=391,B,391,1 3 4 5 7 11 2370,395/2377,395/2377,True,396/2377,,,0.098
B:r=392,B,392,1 3 4 5 7 11 2376,396/2383,396/2383,True,397/2383,,,0.011
B:r=393,B,393,1 3 4 5 7 11 2382,397/2389,397/2389,True,398/2389,,,0.093
B:r=394,B,394,1 3 4 5 7 11 2388,398/2395,398/2395,True,399/2395,,,0.099
B:r=395,B,395,1 3 4 5 7 11 2394,57/343,57/343,True,400/2401,,,0.099
B:r=396,B,396,1 3 4 5 7 11 2400,400/2407,400/2407,True,401/2407,,,0.098
B:r=397,B,397,1 3 4 5 7 11 2406,401/2413,401/2413,True,402/2413,,,0.098
B:r=398,B,398,1 3 4 5 7 11 2412,402/2419,402/2419,True,403/2419,,,0.102
B:r=399,B,399,1 3 4 5 7 11 2418,403/2425,403/2425,True,404/2425,,,0.201
B:r=400,B,400,1 3 4 5 7 11 2424,404/2431,404/2431,True,405/2431,,,0.108
B:r=401,B,401,1 3 4 5 7 11 2430,405/2437,405/2437,True,406/2437,,,0.193
B:r=402,B,402,1 3 4 5 7 11 2436,58/349,58/349,True,407/2443,,,0.198
B:r=403,B,403,1 3 4 5 7 11 2442,407/2449,407/2449,True,408/2449,,,0.101
B:r=404,B,404,1 3 4 5 7 11 2448,408/2455,408/2455,True,409/2455,,,0.099
B:r=405,B,405,1 3 4 5 7 11 2454,409/2461,409/2461,True,410/2461,,,0.011
B:r=406,B,406,1 3 4 5 7 11 2460,410/2467,410/2467,True,411/2467,,,0.098
B:r=407,B,407,1 3 4 5 7 11 2466,411/2473,411/2473,True,412/2473,,,0.096
B:r=408,B,408,1 3 4 5 7 11 2472,412/2479,412/2479,True,413/2479,,,0.099
B:r=409,B,409,1 3 4 5 7 11 2478,59/355,59/355,True,414/2485,,,0.098
B:r=410,B,410,1 3 4 5 7 11 2484,414/2491,414/2491,True,415/2491,,,0.098
B:r=411,B,411,1 3 4 5 7 11 2490,415/2497,415/2497,True,416/2497,,,0.011
B:r=412,B,412,1 3 4 5 7 11 2496,416/2503,416/2503,True,417/2503,,,0.098
B:r=413,B,413,1 3 4 5 7 11 2502,417/2509,417/2509,True,418/2509,,,0.093
B:r=414,B,414,1 3 4 5 7 11 2508,418/2515,418/2515,True,419/2515,,,0.098
B:r=415,B,415,1 3 4 5 7 11 2514,419/2521,419/2521,True,420/2521,,,0.011
B:r=416,B,416,1 3 4 5 7 11 2520,60/361,60/361,True,421/2527,,,0.098
B:r=417,B,417,1 3 4 5 7 11 2526,421/2533,421/2533,True,422/2533,,,0.098
B:r=418,B,418,1 3 4 5 7 11 2532,422/2539,422/2539,True,423/2539,,,0.098
B:r=419,B,419,1 3 4 5 7 11 2538,423/2545,423/2545,True,424/2545,,,0.098
B:r=420,B,420,1 3 4 5 7 11 2544,424/2551,424/2551,True,425/2551,,,0.098
B:r=421,B,421,1 3 4 5 7 11 2550,425/2557,425/2557,True,426/2557,,,0.011
B:r=422,B,422,1 3 4 5 7 11 2556,426/2563,426/2563,True,427/2563,,,0.096
B:r=423,B,423,1 3 4 5 7 11 2562,61/367,61/367,True,428/2569,,,0.098
B:r=424,B,424,1 3 4 5 7 11 2568,428/2575,428/2575,True,429/2575,,,0.098
B:r=425,B,425,1 3 4 5 7 11 2574,429/2581,429/2581,True,430/2581,,,0.099
B:r=426,B,426,1 3 4 5 7 11 2580,430/2587,430/2587,True,431/2587,,,0.102
B:r=427,B,427,1 3 4 5 7 11 2586,431/2593,431/2593,True,432/2593,,,0.099
B:r=428,B,428,1 3 4 5 7 11 2592,432/2599,432/2599,True,433/2599,,,0.099
B:r=429,B,429,1 3 4 5 7 11 2598,433/2605,433/2605,True,434/2605,,,0.099
B:r=430,B,430,1 3 4 5 7 11 2604,62/373,62/373,True,435/2611,,,0.099
B:r=431,B,431,1 3 4 5 7 11 2610,435/2617,435/2617,True,436/2617,,,0.099
B:r=432,B,432,1 3 4 5 7 11 2616,436/2623,436/2623,True,437/2623,,,0.099
B:r=433,B,433,1 3 4 5 7 11 2622,437/2629,437/2629,True,438/2629,,,0.011
B:r=434,B,434,1 3 4 5 7 11 2628,438/2635,438/2635,True,439/2635,,,0.099
B:r=435,B,435,1 3 4 5 7 11 2634,439/2641,439/2641,True,440/2641,,,0.099
B:r=436,B,436,1 3 4 5 7 11 2640,440/2647,440/2647,True,441/2647,,,0.099
B:r=437,B,437,1 3 4 5 7 11 2646,63/379,63/379,True,442/2653,,,0.099
B:r=438,B,438,1 3 4 5 7 11 2652,442/2659,442/2659,True,443/2659,,,0.099
B:r=439,B,439,1 3 4 5 7 11 2658,443/2665,443/2665,True,444/2665,,,0.1
B:r=440,B,440,1 3 4 5 7 11 2664,444/2671,444/2671,True,445/2671,,,0.099
B:r=441,B,441,1 3 4 5 7 11 2670,445/2677,445/2677,True,446/2677,,,0.099
B:r=442,B,442,1 3 4 5 7 11 2676,446/2683,446/2683,True,447/2683,,,0.099
B:r=443,B,443,1 3 4 5 7 11 2682,447/2689,447/2689,True,448/2689,,,0.099
B:r=444,B,444,1 3 4 5 7 11 2688,64/385,64/385,True,449/2695,,,0.099
B:r=445,B,445,1 3 4 5 7 11 2694,449/2701,449/2701,True,450/2701,,,0.011
B:r=446,B,446,1 3 4 5 7 11 2700,450/2707,450/2707,True,451/2707,,,0.099
B:r=447,B,447,1 3 4 5 7 11 2706,451/2713,451/2713,True,452/2713,,,0.099
B:r=448,B,448,1 3 4 5 7 11 2712,452/2719,452/2719,True,453/2719,,,0.191
B:r=449,B,449,1 3 4 5 7 11 2718,453/2725,453/2725,True,454/2725,,,0.1
B:r=450,B,450,1 3 4 5 7 11 2724,454/2731,454/2731,True,455/2731,,,0.099
B:r=451,B,451,1 3 4 5 7 11 2730,65/391,65/391,True,456/2737,,,0.012
B:r=452,B,452,1 3 4 5 7 11 2736,456/2743,456/2743,True,457/2743,,,0.099
B:r=453,B,453,1 3 4 5 7 11 2742,457/2749,457/2749,True,458/2749,,,0.099
B:r=454,B,454,1 3 4 5 7 11 2748,458/2755,458/2755,True,459/2755,,,0.099
B:r=455,B,455,1 3 4 5 7 11 2754,459/2761,459/2761,True,460/2761,,,0.093
B:r=456,B,456,1 3 4 5 7 11 2760,460/2767,460/2767,True,461/2767,,,0.012
B:r=457,B,457,1 3 4 5 7 11 2766,461/2773,461/2773,True,462/2773,,,0.196
B:r=458,B,458,1 3 4 5 7 11 2772,66/397,66/397,True,463/2779,,,0.202
B:r=459,B,459,1 3 4 5 7 11 2778,463/2785,463/2785,True,464/2785,,,0.292
B:r=460,B,460,1 3 4 5 7 11 2784,464/2791,464/2791,True,465/2791,,,0.196
B:r=461,B,461,1 3 4 5 7 11 2790,465/2797,465/2797,True,466/2797,,,0.106
B:r=462,B,462,1 3 4 5 7 11 2796,466/2803,466/2803,True,467/2803,,,0.106
B:r=463,B,463,1 3 4 5 7 11 2802,467/2809,467/2809,True,468/2809,,,0.29
B:r=464,B,464,1 3 4 5 7 11 2808,468/2815,468/2815,True,469/2815,,,0.302
B:r=465,B,465,1 3 4 5 7 11 2814,67/403,67/403,True,470/2821,,,0.099
B:r=466,B,466,1 3 4 5 7 11 2820,470/2827,470/2827,True,471/2827,,,0.099
B:r=467,B,467,1 3 4 5 7 11 2826,471/2833,471/2833,True,472/2833,,,0.099
B:r=468,B,468,1 3 4 5 7 11 2832,472/2839,472/2839,True,473/2839,,,0.1
B:r=469,B,469,1 3 4 5 7 11 2838,473/2845,473/2845,True,474/2845,,,0.1
B:r=470,B,470,1 3 4 5 7 11 2844,474/2851,474/2851,True,475/2851,,,0.099
B:r=471,B,471,1 3 4 5 7 11 2850,475/2857,475/2857,True,476/2857,,,0.1
B:r=472,B,472,1 3 4 5 7 11 2856,68/409,68/409,True,477/2863,,,0.1
B:r=473,B,473,1 3 4 5 7 11 2862,477/2869,477/2869,True,478/2869,,,0.1
B:r=474,B,474,1 3 4 5 7 11 2868,478/2875,478/2875,True,479/2875,,,0.013
B:r=475,B,475,1 3 4 5 7 11 2874,479/2881,479/2881,True,480/2881,,,0.1
B:r=476,B,476,1 3 4 5 7 11 2880,480/2887,480/2887,True,481/2887,,,0.1
B:r=477,B,477,1 3 4 5 7 11 2886,481/2893,481/2893,True,482/2893,,,0.1
B:r=478,B,478,1 3 4 5 7 11 2892,482/2899,482/2899,True,483/2899,,,0.1
B:r=479,B,479,1 3 4 5 7 11 2898,69/415,69/415,True,484/2905,,,0.1
B:r=480,B,480,1 3 4 5 7 11 2904,484/2911,484/2911,True,485/2911,,,0.1
B:r=481,B,481,1 3 4 5 7 11 2910,485/2917,485/2917,True,486/2917,,,0.1
B:r=482,B,482,1 3 4 5 7 11 2916,486/2923,486/2923,True,487/2923,,,0.1
B:r=483,B,483,1 3 4 5 7 11 2922,487/2929,487/2929,True,488/2929,,,0.1
B:r=484,B,484,1 3 4 5 7 11 2928,488/2935,488/2935,True,489/2935,,,0.1
B:r=485,B,485,1 3 4 5 7 11 2934,489/2941,489/2941,True,490/2941,,,0.1
B:r=486,B,486,1 3 4 5 7 11 2940,70/421,70/421,True,491/2947,,,0.1
B:r=487,B,487,1 3 4 5 7 11 2946,491/2953,491/2953,True,492/2953,,,0.1
B:r=488,B,488,1 3 4 5 7 11 2952,492/2959,492/2959,True,493/2959,,,0.1
B:r=489,B,489,1 3 4 5 7 11 2958,493/2965,493/2965,True,494/2965,,,0.1
B:r=490,B,490,1 3 4 5 7 11 2964,494/2971,494/2971,True,495/2971,,,0.1
B:r=491,B,491,1 3 4 5 7 11 2970,495/2977,495/2977,True,496/2977,,,0.1
B:r=492,B,492,1 3 4 5 7 11 2976,496/2983,496/2983,True,497/2983,,,0.1
B:r=493,B,493,1 3 4 5 7 11 2982,71/427,71/427,True,498/2989,,,0.1
B:r=494,B,494,1 3 4 5 7 11 2988,498/2995,498/2995,True,499/2995,,,0.1
B:r=495,B,495,1 3 4 5 7 11 2994,499/3001,499/3001,True,500/3001,,,0.189
B:r=496,B,496,1 3 4 5 7 11 3000,500/3007,500/3007,True,501/3007,,,0.1
B:r=497,B,497,1 3 4 5 7 11 3006,501/3013,501/3013,True,502/3013,,,0.1
B:r=498,B,498,1 3 4 5 7 11 3012,502/3019,502/3019,True,503/3019,,,0.1
B:r=499,B,499,1 3 4 5 7 11 3018,503/3025,503/3025,True,504/3025,,,0.1
B:r=500,B,500,1 3 4 5 7 11 3024,72/433,72/433,True,505/3031,,,0.1
B:r=501,B,501,1 3 4 5 7 11 3030,505/3037,505/3037,True,506/3037,,,0.1
B:r=502,B,502,1 3 4 5 7 11 3036,506/3043,506/3043,True,507/3043,,,0.101
B:r=503,B,503,1 3 4 5 7 11 3042,507/3049,507/3049,True,508/3049,,,0.198
B:r=504,B,504,1 3 4 5 7 11 3048,508/3055,508/3055,True,509/3055,,,0.301
B:r=505,B,505,1 3 4 5 7 11 3054,509/3061,509/3061,True,510/3061,,,0.109
B:r=506,B,506,1 3 4 5 7 11 3060,510/3067,510/3067,True,511/3067,,,0.198
B:r=507,B,507,1 3 4 5 7 11 3066,73/439,73/439,True,512/3073,,,0.199
B:r=508,B,508,1 3 4 5 7 11 3072,512/3079,512/3079,True,513/3079,,,0.198
B:r=509,B,509,1 3 4 5 7 11 3078,513/3085,513/3085,True,514/3085,,,0.197
B:r=510,B,510,1 3 4 5 7 11 3084,514/3091,514/3091,True,515/3091,,,0.196
B:r=511,B,511,1 3 4 5 7 11 3090,515/3097,515/3097,True,516/3097,,,0.201
B:r=512,B,512,1 3 4 5 7 11 3096,516/3103,516/3103,True,517/3103,,,0.2
B:r=513,B,513,1 3 4 5 7 11 3102,517/3109,517/3109,True,518/3109,,,0.2
B:r=514,B,514,1 3 4 5 7 11 3108,74/445,74/445,True,519/3115,,,0.11
B:r=515,B,515,1 3 4 5 7 11 3114,519/3121,519/3121,True,520/3121,,,0.198
B:r=516,B,516,1 3 4 5 7 11 3120,520/3127,520/3127,True,521/3127,,,0.195
B:r=517,B,517,1 3 4 5 7 11 3126,521/3133,521/3133,True,522/3133,,,0.199
B:r=518,B,518,1 3 4 5 7 11 3132,522/3139,522/3139,True,523/3139,,,0.199
B:r=519,B,519,1 3 4 5 7 11 3138,523/3145,523/3145,True,524/3145,,,0.2
B:r=520,B,520,1 3 4 5 7 11 3144,524/3151,524/3151,True,525/3151,,,0.205
B:r=521,B,521,1 3 4 5 7 11 3150,75/451,75/451,True,526/3157,,,0.2
B:r=522,B,522,1 3 4 5 7 11 3156,526/3163,526/3163,True,527/3163,,,0.199
B:r=523,B,523,1 3 4 5 7 11 3162,527/3169,527/3169,True,528/3169,,,0.196
B:r=524,B,524,1 3 4 5 7 11 3168,528/3175,528/3175,True,529/3175,,,0.197
B:r=525,B,525,1 3 4 5 7 11 3174,529/3181,529/3181,True,530/3181,,,0.199
B:r=526,B,526,1 3 4 5 7 11 3180,530/3187,530/3187,True,531/3187,,,0.112
B:r=527,B,527,1 3 4 5 7 11 3186,531/3193,531/3193,True,532/3193,,,0.288
B:r=528,B,528,1 3 4 5 7 11 3192,76/457,76/457,True,533/3199,,,0.199
B:r=529,B,529,1 3 4 5 7 11 3198,533/3205,533/3205,True,534/3205,,,0.21
B:r=530,B,530,1 3 4 5 7 11 3204,534/3211,534/3211,True,535/3211,,,0.296
B:r=531,B,531,1 3 4 5 7 11 3210,535/3217,535/3217,True,536/3217,,,0.296
B:r=532,B,532,1 3 4 5 7 11 3216,536/3223,536/3223,True,537/3223,,,0.207
B:r=533,B,533,1 3 4 5 7 11 3222,537/3229,537/3229,True,538/3229,,,0.292
B:r=534,B,534,1 3 4 5 7 11 3228,538/3235,538/3235,True,539/3235,,,0.203
B:r=535,B,535,1 3 4 5 7 11 3234,77/463,77/463,True,540/3241,,,0.206
B:r=536,B,536,1 3 4 5 7 11 3240,540/3247,540/3247,True,541/3247,,,0.203
B:r=537,B,537,1 3 4 5 7 11 3246,541/3253,541/3253,True,542/3253,,,0.293
B:r=538,B,538,1 3 4 5 7 11 3252,542/3259,542/3259,True,543/3259,,,0.203
B:r=539,B,539,1 3 4 5 7 11 3258,543/3265,543/3265,True,544/3265,,,0.293
B:r=540,B,540,1 3 4 5 7 11 3264,544/3271,544/3271,True,545/3271,,,0.109
B:r=541,B,541,1 3 4 5 7 11 3270,545/3277,545/3277,True,546/3277,,,0.19
B:r=542,B,542,1 3 4 5 7 11 3276,78/469,78/469,True,547/3283,,,0.102
B:r=543,B,543,1 3 4 5 7 11 3282,547/3289,547/3289,True,548/3289,,,0.102
B:r=544,B,544,1 3 4 5 7 11 3288,548/3295,548/3295,True,549/3295,,,0.102
B:r=545,B,545,1 3 4 5 7 11 3294,549/3301,549/3301,True,550/3301,,,0.106
B:r=546,B,546,1 3 4 5 7 11 3300,550/3307,550/3307,True,551/3307,,,0.2
B:r=547,B,547,1 3 4 5 7 11 3306,551/3313,551/3313,True,552/3313,,,0.19
B:r=548,B,548,1 3 4 5 7 11 3312,552/3319,552/3319,True,553/3319,,,0.101
B:r=549,B,549,1 3 4 5 7 11 3318,79/475,79/475,True,554/3325,,,0.102
B:r=550,B,550,1 3 4 5 7 11 3324,554/3331,554/3331,True,555/3331,,,0.102
B:r=551,B,551,1 3 4 5 7 11 3330,555/3337,555/3337,True,556/3337,,,0.102
B:r=552,B,552,1 3 4 5 7 11 3336,556/3343,556/3343,True,557/3343,,,0.096
B:r=553,B,553,1 3 4 5 7 11 3342,557/3349,557/3349,True,558/3349,,,0.102
B:r=554,B,554,1 3 4 5 7 11 3348,558/3355,558/3355,True,559/3355,,,0.102
B:r=555,B,555,1 3 4 5 7 11 3354,559/3361,559/3361,True,560/3361,,,0.192
B:r=556,B,556,1 3 4 5 7 11 3360,80/481,80/481,True,561/3367,,,0.102
B:r=557,B,557,1 3 4 5 7 11 3366,561/3373,561/3373,True,562/3373,,,0.105
B:r=558,B,558,1 3 4 5 7 11 3372,562/3379,562/3379,True,563/3379,,,0.199
B:r=559,B,559,1 3 4 5 7 11 3378,563/3385,563/3385,True,564/3385,,,0.299
B:r=560,B,560,1 3 4 5 7 11 3384,564/3391,564/3391,True,565/3391,,,0.305
B:r=561,B,561,1 3 4 5 7 11 3390,565/3397,565/3397,True,566/3397,,,0.29
B:r=562,B,562,1 3 4 5 7 11 3396,566/3403,566/3403,True,567/3403,,,0.2
B:r=563,B,563,1 3 4 5 7 11 3402,81/487,81/487,True,568/3409,,,0.202
B:r=564,B,564,1 3 4 5 7 11 3408,568/3415,568/3415,True,569/3415,,,0.201
B:r=565,B,565,1 3 4 5 7 11 3414,569/3421,569/3421,True,570/3421,,,0.202
B:r=566,B,566,1 3 4 5 7 11 3420,570/3427,570/3427,True,571/3427,,,0.203
B:r=567,B,567,1 3 4 5 7 11 3426,571/3433,571/3433,True,572/3433,,,0.196
B:r=568,B,568,1 3 4 5 7 11 3432,572/3439,572/3439,True,573/3439,,,0.204
B:r=569,B,569,1 3 4 5 7 11 3438,573/3445,573/3445,True,574/3445,,,0.191
B:r=570,B,570,1 3 4 5 7 11 3444,82/493,82/493,True,575/3451,,,0.199
B:r=571,B,571,1 3 4 5 7 11 3450,575/3457,575/3457,True,576/3457,,,0.114
B:r=572,B,572,1 3 4 5 7 11 3456,576/3463,576/3463,True,577/3463,,,0.19
B:r=573,B,573,1 3 4 5 7 11 3462,577/3469,577/3469,True,578/3469,,,0.2
B:r=574,B,574,1 3 4 5 7 11 3468,578/3475,578/3475,True,579/3475,,,0.203
B:r=575,B,575,1 3 4 5 7 11 3474,579/3481,579/3481,True,580/3481,,,0.197
B:r=576,B,576,1 3 4 5 7 11 3480,580/3487,580/3487,True,581/3487,,,0.205
B:r=577,B,577,1 3 4 5 7 11 3486,83/499,83/499,True,582/3493,,,0.198
B:r=578,B,578,1 3 4 5 7 11 3492,582/3499,582/3499,True,583/3499,,,0.202
B:r=579,B,579,1 3 4 5 7 11 3498,583/3505,583/3505,True,584/3505,,,0.201
B:r=580,B,580,1 3 4 5 7 11 3504,584/3511,584/3511,True,585/3511,,,0.199
B:r=581,B,581,1 3 4 5 7 11 3510,585/3517,585/3517,True,586/3517,,,0.191
B:r=582,B,582,1 3 4 5 7 11 3516,586/3523,586/3523,True,587/3523,,,0.205
B:r=583,B,583,1 3 4 5 7 11 3522,587/3529,587/3529,True,588/3529,,,0.199
B:r=584,B,584,1 3 4 5 7 11 3528,84/505,84/505,True,589/3535,,,0.204
B:r=585,B,585,1 3 4 5 7 11 3534,589/3541,589/3541,True,590/3541,,,0.104
B:r=586,B,586,1 3 4 5 7 11 3540,590/3547,590/3547,True,591/3547,,,0.289
B:r=587,B,587,1 3 4 5 7 11 3546,591/3553,591/3553,True,592/3553,,,0.407
B:r=588,B,588,1 3 4 5 7 11 3552,592/3559,592/3559,True,593/3559,,,0.204
B:r=589,B,589,1 3 4 5 7 11 3558,593/3565,593/3565,True,594/3565,,,0.2
B:r=590,B,590,1 3 4 5 7 11 3564,594/3571,594/3571,True,595/3571,,,0.197
B:r=591,B,591,1 3 4 5 7 11 3570,85/511,85/511,True,596/3577,,,0.293
B:r=592,B,592,1 3 4 5 7 11 3576,596/3583,596/3583,True,597/3583,,,0.1
B:r=593,B,593,1 3 4 5 7 11 3582,597/3589,597/3589,True,598/3589,,,0.204
B:r=594,B,594,1 3 4 5 7 11 3588,598/3595,598/3595,True,599/3595,,,0.202
B:r=595,B,595,1 3 4 5 7 11 3594,599/3601,599/3601,True,600/3601,,,0.2
B:r=596,B,596,1 3 4 5 7 11 3600,600/3607,600/3607,True,601/3607,,,0.295
B:r=597,B,597,1 3 4 5 7 11 3606,601/3613,601/3613,True,602/3613,,,0.202
B:r=598,B,598,1 3 4 5 7 11 3612,86/517,86/517,True,603/3619,,,0.203
B:r=599,B,599,1 3 4 5 7 11 3618,603/3625,603/3625,True,604/3625,,,0.2
B:r=600,B,600,1 3 4 5 7 11 3624,604/3631,604/3631,True,605/3631,,,0.203
B:r=601,B,601,1 3 4 5 7 11 3630,605/3637,605/3637,True,606/3637,,,0.293
B:r=602,B,602,1 3 4 5 7 11 3636,606/3643,606/3643,True,607/3643,,,0.202
B:r=603,B,603,1 3 4 5 7 11 3642,607/3649,607/3649,True,608/3649,,,0.206
B:r=604,B,604,1 3 4 5 7 11 3648,608/3655,608/3655,True,609/3655,,,0.291
B:r=605,B,605,1 3 4 5 7 11 3654,87/523,87/523,True,610/3661,,,0.205
B:r=606,B,606,1 3 4 5 7 11 3660,610/3667,610/3667,True,611/3667,,,0.2
B:r=607,B,607,1 3 4 5 7 11 3666,611/3673,611/3673,True,612/3673,,,0.294
B:r=608,B,608,1 3 4 5 7 11 3672,612/3679,612/3679,True,613/3679,,,0.209
B:r=609,B,609,1 3 4 5 7 11 3678,613/3685,613/3685,True,614/3685,,,0.202
B:r=610,B,610,1 3 4 5 7 11 3684,614/3691,614/3691,True,615/3691,,,0.291
B:r=611,B,611,1 3 4 5 7 11 3690,615/3697,615/3697,True,616/3697,,,0.204
B:r=612,B,612,1 3 4 5 7 11 3696,88/529,88/529,True,617/3703,,,0.204
B:r=613,B,613,1 3 4 5 7 11 3702,617/3709,617/3709,True,618/3709,,,0.292
B:r=614,B,614,1 3 4 5 7 11 3708,618/3715,618/3715,True,619/3715,,,0.206
B:r=615,B,615,1 3 4 5 7 11 3714,619/3721,619/3721,True,620/3721,,,0.203
B:r=616,B,616,1 3 4 5 7 11 3720,620/3727,620/3727,True,621/3727,,,0.291
B:r=617,B,617,1 3 4 5 7 11 3726,621/3733,621/3733,True,622/3733,,,0.206
B:r=618,B,618,1 3 4 5 7 11 3732,622/3739,622/3739,True,623/3739,,,0.295
B:r=619,B,619,1 3 4 5 7 11 3738,89/535,89/535,True,624/3745,,,0.205
B:r=620,B,620,1 3 4 5 7 11 3744,624/3751,624/3751,True,625/3751,,,0.291
B:r=621,B,621,1 3 4 5 7 11 3750,625/3757,625/3757,True,626/3757,,,0.206
B:r=622,B,622,1 3 4 5 7 11 3756,626/3763,626/3763,True,627/3763,,,0.201
B:r=623,B,623,1 3 4 5 7 11 3762,627/3769,627/3769,True,628/3769,,,0.292
B:r=624,B,624,1 3 4 5 7 11 3768,628/3775,628/3775,True,629/3775,,,0.205
B:r=625,B,625,1 3 4 5 7 11 3774,629/3781,629/3781,True,630/3781,,,0.207
B:r=626,B,626,1 3 4 5 7 11 3780,90/541,90/541,True,631/3787,,,0.294
B:r=627,B,627,1 3 4 5 7 11 3786,631/3793,631/3793,True,632/3793,,,0.204
B:r=628,B,628,1 3 4 5 7 11 3792,632/3799,632/3799,True,633/3799,,,0.294
B:r=629,B,629,1 3 4 5 7 11 3798,633/3805,633/3805,True,634/3805,,,0.202
B:r=630,B,630,1 3 4 5 7 11 3804,634/3811,634/3811,True,635/3811,,,0.298
B:r=631,B,631,1 3 4 5 7 11 3810,635/3817,635/3817,True,636/3817,,,0.308
B:r=632,B,632,1 3 4 5 7 11 3816,636/3823,636/3823,True,637/3823,,,0.3
B:r=633,B,633,1 3 4 5 7 11 3822,91/547,91/547,True,638/3829,,,0.29
B:r=634,B,634,1 3 4 5 7 11 3828,638/3835,638/3835,True,639/3835,,,0.203
B:r=635,B,635,1 3 4 5 7 11 3834,639/3841,639/3841,True,640/3841,,,0.206
B:r=636,B,636,1 3 4 5 7 11 3840,640/3847,640/3847,True,641/3847,,,0.288
B:r=637,B,637,1 3 4 5 7 11 3846,641/3853,641/3853,True,642/3853,,,0.203
B:r=638,B,638,1 3 4 5 7 11 3852,642/3859,642/3859,True,643/3859,,,0.114
B:r=639,B,639,1 3 4 5 7 11 3858,643/3865,643/3865,True,644/3865,,,0.286
B:r=640,B,640,1 3 4 5 7 11 3864,92/553,92/553,True,645/3871,,,0.199
B:r=641,B,641,1 3 4 5 7 11 3870,645/3877,645/3877,True,646/3877,,,0.205
B:r=642,B,642,1 3 4 5 7 11 3876,646/3883,646/3883,True,647/3883,,,0.195
B:r=643,B,643,1 3 4 5 7 11 3882,647/3889,647/3889,True,648/3889,,,0.202
B:r=644,B,644,1 3 4 5 7 11 3888,648/3895,648/3895,True,649/3895,,,0.203
B:r=645,B,645,1 3 4 5 7 11 3894,649/3901,649/3901,True,650/3901,,,0.292
B:r=646,B,646,1 3 4 5 7 11 3900,650/3907,650/3907,True,651/3907,,,0.205
B:r=647,B,647,1 3 4 5 7 11 3906,93/559,93/559,True,652/3913,,,0.206
B:r=648,B,648,1 3 4 5 7 11 3912,652/3919,652/3919,True,653/3919,,,0.292
B:r=649,B,649,1 3 4 5 7 11 3918,653/3925,653/3925,True,654/3925,,,0.206
B:r=650,B,650,1 3 4 5 7 11 3924,654/3931,654/3931,True,655/3931,,,0.294
B:r=651,B,651,1 3 4 5 7 11 3930,655/3937,655/3937,True,656/3937,,,0.205
B:r=652,B,652,1 3 4 5 7 11 3936,656/3943,656/3943,True,657/3943,,,0.293
B:r=653,B,653,1 3 4 5 7 11 3942,657/3949,657/3949,True,658/3949,,,0.3
B:r=654,B,654,1 3 4 5 7 11 3948,94/565,94/565,True,659/3955,,,0.206
B:r=655,B,655,1 3 4 5 7 11 3954,659/3961,659/3961,True,660/3961,,,0.192
B:r=656,B,656,1 3 4 5 7 11 3960,660/3967,660/3967,True,661/3967,,,0.298
B:r=657,B,657,1 3 4 5 7 11 3966,661/3973,661/3973,True,662/3973,,,0.104
B:r=658,B,658,1 3 4 5 7 11 3972,662/3979,662/3979,True,663/3979,,,0.202
B:r=659,B,659,1 3 4 5 7 11 3978,663/3985,663/3985,True,664/3985,,,0.104
B:r=660,B,660,1 3 4 5 7 11 3984,664/3991,664/3991,True,665/3991,,,0.098
B:r=661,B,661,1 3 4 5 7 11 3990,95/571,95/571,True,666/3997,,,0.192
B:r=662,B,662,1 3 4 5 7 11 3996,666/4003,666/4003,True,667/4003,,,0.104
B:r=663,B,663,1 3 4 5 7 11 4002,667/4009,667/4009,True,668/4009,,,0.104
B:r=664,B,664,1 3 4 5 7 11 4008,668/4015,668/4015,True,669/4015,,,0.192
B:r=665,B,665,1 3 4 5 7 11 4014,669/4021,669/4021,True,670/4021,,,0.105
B:r=666,B,666,1 3 4 5 7 11 4020,670/4027,670/4027,True,671/4027,,,0.199
B:r=667,B,667,1 3 4 5 7 11 4026,671/4033,671/4033,True,672/4033,,,0.105
B:r=668,B,668,1 3 4 5 7 11 4032,96/577,96/577,True,673/4039,,,0.192
B:r=669,B,669,1 3 4 5 7 11 4038,673/4045,673/4045,True,674/4045,,,0.105
B:r=670,B,670,1 3 4 5 7 11 4044,674/4051,674/4051,True,675/4051,,,0.099
B:r=671,B,671,1 3 4 5 7 11 4050,675/4057,675/4057,True,676/4057,,,0.105
B:r=672,B,672,1 3 4 5 7 11 4056,676/4063,676/4063,True,677/4063,,,0.192
B:r=673,B,673,1 3 4 5 7 11 4062,677/4069,677/4069,True,678/4069,,,0.099
B:r=674,B,674,1 3 4 5 7 11 4068,678/4075,678/4075,True,679/4075,,,0.207
B:r=675,B,675,1 3 4 5 7 11 4074,97/583,97/583,True,680/4081,,,0.197
B:r=676,B,676,1 3 4 5 7 11 4080,680/4087,680/4087,True,681/4087,,,0.299
B:r=677,B,677,1 3 4 5 7 11 4086,681/4093,681/4093,True,682/4093,,,0.202
B:r=678,B,678,1 3 4 5 7 11 4092,682/4099,682/4099,True,683/4099,,,0.293
B:r=679,B,679,1 3 4 5 7 11 4098,683/4105,683/4105,True,684/4105,,,0.206
B:r=680,B,680,1 3 4 5 7 11 4104,684/4111,684/4111,True,685/4111,,,0.205
B:r=681,B,681,1 3 4 5 7 11 4110,685/4117,685/4117,True,686/4117,,,0.202
B:r=682,B,682,1 3 4 5 7 11 4116,98/589,98/589,True,687/4123,,,0.396
B:r=683,B,683,1 3 4 5 7 11 4122,687/4129,687/4129,True,688/4129,,,0.294
B:r=684,B,684,1 3 4 5 7 11 4128,688/4135,688/4135,True,689/4135,,,0.301
B:r=685,B,685,1 3 4 5 7 11 4134,689/4141,689/4141,True,690/4141,,,0.206
B:r=686,B,686,1 3 4 5 7 11 4140,690/4147,690/4147,True,691/4147,,,0.297
B:r=687,B,687,1 3 4 5 7 11 4146,691/4153,691/4153,True,692/4153,,,0.205
B:r=688,B,688,1 3 4 5 7 11 4152,692/4159,692/4159,True,693/4159,,,0.29
B:r=689,B,689,1 3 4 5 7 11 4158,99/595,99/595,True,694/4165,,,0.203
B:r=690,B,690,1 3 4 5 7 11 4164,694/4171,694/4171,True,695/4171,,,0.208
B:r=691,B,691,1 3 4 5 7 11 4170,695/4177,695/4177,True,696/4177,,,0.292
B:r=692,B,692,1 3 4 5 7 11 4176,696/4183,696/4183,True,697/4183,,,0.206
B:r=693,B,693,1 3 4 5 7 11 4182,697/4189,697/4189,True,698/4189,,,0.294
B:r=694,B,694,1 3 4 5 7 11 4188,698/4195,698/4195,True,699/4195,,,0.207
B:r=695,B,695,1 3 4 5 7 11 4194,699/4201,699/4201,True,700/4201,,,0.293
B:r=696,B,696,1 3 4 5 7 11 4200,100/601,100/601,True,701/4207,,,0.208
B:r=697,B,697,1 3 4 5 7 11 4206,701/4213,701/4213,True,702/4213,,,0.292
B:r=698,B,698,1 3 4 5 7 11 4212,702/4219,702/4219,True,703/4219,,,0.208
B:r=699,B,699,1 3 4 5 7 11 4218,703/4225,703/4225,True,704/4225,,,0.195
B:r=700,B,700,1 3 4 5 7 11 4224,704/4231,704/4231,True,705/4231,,,0.193
B:r=701,B,701,1 3 4 5 7 11 4230,705/4237,705/4237,True,706/4237,,,0.107
B:r=702,B,702,1 3 4 5 7 11 4236,706/4243,706/4243,True,707/4243,,,0.293
B:r=703,B,703,1 3 4 5 7 11 4242,101/607,101/607,True,708/4249,,,0.203
B:r=704,B,704,1 3 4 5 7 11 4248,708/4255,708/4255,True,709/4255,,,0.101
B:r=705,B,705,1 3 4 5 7 11 4254,709/4261,709/4261,True,710/4261,,,0.296
B:r=706,B,706,1 3 4 5 7 11 4260,710/4267,710/4267,True,711/4267,,,0.209
B:r=707,B,707,1 3 4 5 7 11 4266,711/4273,711/4273,True,712/4273,,,0.295
B:r=708,B,708,1 3 4 5 7 11 4272,712/4279,712/4279,True,713/4279,,,0.306
B:r=709,B,709,1 3 4 5 7 11 4278,713/4285,713/4285,True,714/4285,,,0.291
B:r=710,B,710,1 3 4 5 7 11 4284,102/613,102/613,True,715/4291,,,0.199
B:r=711,B,711,1 3 4 5 7 11 4290,715/4297,715/4297,True,716/4297,,,0.106
B:r=712,B,712,1 3 4 5 7 11 4296,716/4303,716/4303,True,717/4303,,,0.1
B:r=713,B,713,1 3 4 5 7 11 4302,717/4309,717/4309,True,718/4309,,,0.195
B:r=714,B,714,1 3 4 5 7 11 4308,718/4315,718/4315,True,719/4315,,,0.106
B:r=715,B,715,1 3 4 5 7 11 4314,719/4321,719/4321,True,720/4321,,,0.194
B:r=716,B,716,1 3 4 5 7 11 4320,720/4327,720/4327,True,721/4327,,,0.106
B:r=717,B,717,1 3 4 5 7 11 4326,103/619,103/619,True,722/4333,,,0.195
B:r=718,B,718,1 3 4 5 7 11 4332,722/4339,722/4339,True,723/4339,,,0.107
B:r=719,B,719,1 3 4 5 7 11 4338,723/4345,723/4345,True,724/4345,,,0.194
B:r=720,B,720,1 3 4 5 7 11 4344,724/4351,724/4351,True,725/4351,,,0.107
B:r=721,B,721,1 3 4 5 7 11 4350,725/4357,725/4357,True,726/4357,,,0.194
B:r=722,B,722,1 3 4 5 7 11 4356,726/4363,726/4363,True,727/4363,,,0.107
B:r=723,B,723,1 3 4 5 7 11 4362,727/4369,727/4369,True,728/4369,,,0.194
B:r=724,B,724,1 3 4 5 7 11 4368,104/625,104/625,True,729/4375,,,0.107
B:r=725,B,725,1 3 4 5 7 11 4374,729/4381,729/4381,True,730/4381,,,0.194
B:r=726,B,726,1 3 4 5 7 11 4380,730/4387,730/4387,True,731/4387,,,0.107
B:r=727,B,727,1 3 4 5 7 11 4386,731/4393,731/4393,True,732/4393,,,0.187
B:r=728,B,728,1 3 4 5 7 11 4392,732/4399,732/4399,True,733/4399,,,0.107
B:r=729,B,729,1 3 4 5 7 11 4398,733/4405,733/4405,True,734/4405,,,0.1
B:r=730,B,730,1 3 4 5 7 11 4404,734/4411,734/4411,True,735/4411,,,0.194
B:r=731,B,731,1 3 4 5 7 11 4410,105/631,105/631,True,736/4417,,,0.108
B:r=732,B,732,1 3 4 5 7 11 4416,736/4423,736/4423,True,737/4423,,,0.194
B:r=733,B,733,1 3 4 5 7 11 4422,737/4429,737/4429,True,738/4429,,,0.199
B:r=734,B,734,1 3 4 5 7 11 4428,738/4435,738/4435,True,739/4435,,,0.108
B:r=735,B,735,1 3 4 5 7 11 4434,739/4441,739/4441,True,740/4441,,,0.1
B:r=736,B,736,1 3 4 5 7 11 4440,740/4447,740/4447,True,741/4447,,,0.194
B:r=737,B,737,1 3 4 5 7 11 4446,741/4453,741/4453,True,742/4453,,,0.106
B:r=738,B,738,1 3 4 5 7 11 4452,106/637,106/637,True,743/4459,,,0.194
B:r=739,B,739,1 3 4 5 7 11 4458,743/4465,743/4465,True,744/4465,,,0.198
B:r=740,B,740,1 3 4 5 7 11 4464,744/4471,744/4471,True,745/4471,,,0.11
B:r=741,B,741,1 3 4 5 7 11 4470,745/4477,745/4477,True,746/4477,,,0.29
B:r=742,B,742,1 3 4 5 7 11 4476,746/4483,746/4483,True,747/4483,,,0.203
B:r=743,B,743,1 3 4 5 7 11 4482,747/4489,747/4489,True,748/4489,,,0.299
B:r=744,B,744,1 3 4 5 7 11 4488,748/4495,748/4495,True,749/4495,,,0.296
B:r=745,B,745,1 3 4 5 7 11 4494,107/643,107/643,True,750/4501,,,0.207
B:r=746,B,746,1 3 4 5 7 11 4500,750/4507,750/4507,True,751/4507,,,0.298
B:r=747,B,747,1 3 4 5 7 11 4506,751/4513,751/4513,True,752/4513,,,0.298
B:r=748,B,748,1 3 4 5 7 11 4512,752/4519,752/4519,True,753/4519,,,0.299
B:r=749,B,749,1 3 4 5 7 11 4518,753/4525,753/4525,True,754/4525,,,0.303
B:r=750,B,750,1 3 4 5 7 11 4524,754/4531,754/4531,True,755/4531,,,0.298
B:r=751,B,751,1 3 4 5 7 11 4530,755/4537,755/4537,True,756/4537,,,0.304
B:r=752,B,752,1 3 4 5 7 11 4536,108/649,108/649,True,757/4543,,,0.298
B:r=753,B,753,1 3 4 5 7 11 4542,757/4549,757/4549,True,758/4549,,,0.305
B:r=754,B,754,1 3 4 5 7 11 4548,758/4555,758/4555,True,759/4555,,,0.297
B:r=755,B,755,1 3 4 5 7 11 4554,759/4561,759/4561,True,760/4561,,,0.303
B:r=756,B,756,1 3 4 5 7 11 4560,760/4567,760/4567,True,761/4567,,,0.3
B:r=757,B,757,1 3 4 5 7 11 4566,761/4573,761/4573,True,762/4573,,,0.302
B:r=758,B,758,1 3 4 5 7 11 4572,762/4579,762/4579,True,763/4579,,,0.394
B:r=759,B,759,1 3 4 5 7 11 4578,109/655,109/655,True,764/4585,,,0.3
B:r=760,B,760,1 3 4 5 7 11 4584,764/4591,764/4591,True,765/4591,,,0.297
B:r=761,B,761,1 3 4 5 7 11 4590,765/4597,765/4597,True,766/4597,,,0.208
B:r=762,B,762,1 3 4 5 7 11 4596,766/4603,766/4603,True,767/4603,,,0.298
B:r=763,B,763,1 3 4 5 7 11 4602,767/4609,767/4609,True,768/4609,,,0.301
B:r=764,B,764,1 3 4 5 7 11 4608,768/4615,768/4615,True,769/4615,,,0.295
B:r=765,B,765,1 3 4 5 7 11 4614,769/4621,769/4621,True,770/4621,,,0.302
B:r=766,B,766,1 3 4 5 7 11 4620,110/661,110/661,True,771/4627,,,0.296
B:r=767,B,767,1 3 4 5 7 11 4626,771/4633,771/4633,True,772/4633,,,0.302
B:r=768,B,768,1 3 4 5 7 11 4632,772/4639,772/4639,True,773/4639,,,0.297
B:r=769,B,769,1 3 4 5 7 11 4638,773/4645,773/4645,True,774/4645,,,0.3
B:r=770,B,770,1 3 4 5 7 11 4644,774/4651,774/4651,True,775/4651,,,0.3
B:r=771,B,771,1 3 4 5 7 11 4650,775/4657,775/4657,True,776/4657,,,0.3
B:r=772,B,772,1 3 4 5 7 11 4656,776/4663,776/4663,True,777/4663,,,0.303
B:r=773,B,773,1 3 4 5 7 11 4662,111/667,111/667,True,778/4669,,,0.301
B:r=774,B,774,1 3 4 5 7 11 4668,778/4675,778/4675,True,779/4675,,,0.302
B:r=775,B,775,1 3 4 5 7 11 4674,779/4681,779/4681,True,780/4681,,,0.396
B:r=776,B,776,1 3 4 5 7 11 4680,780/4687,780/4687,True,781/4687,,,0.296
B:r=777,B,777,1 3 4 5 7 11 4686,781/4693,781/4693,True,782/4693,,,0.403
B:r=778,B,778,1 3 4 5 7 11 4692,782/4699,782/4699,True,783/4699,,,0.205
B:r=779,B,779,1 3 4 5 7 11 4698,783/4705,783/4705,True,784/4705,,,0.195
B:r=780,B,780,1 3 4 5 7 11 4704,112/673,112/673,True,785/4711,,,0.107
B:r=781,B,781,1 3 4 5 7 11 4710,785/4717,785/4717,True,786/4717,,,0.195
B:r=782,B,782,1 3 4 5 7 11 4716,786/4723,786/4723,True,787/4723,,,0.195
B:r=783,B,783,1 3 4 5 7 11 4722,787/4729,787/4729,True,788/4729,,,0.108
B:r=784,B,784,1 3 4 5 7 11 4728,788/4735,788/4735,True,789/4735,,,0.195
B:r=785,B,785,1 3 4 5 7 11 4734,789/4741,789/4741,True,790/4741,,,0.108
B:r=786,B,786,1 3 4 5 7 11 4740,790/4747,790/4747,True,791/4747,,,0.195
B:r=787,B,787,1 3 4 5 7 11 4746,113/679,113/679,True,792/4753,,,0.195
B:r=788,B,788,1 3 4 5 7 11 4752,792/4759,792/4759,True,793/4759,,,0.109
B:r=789,B,789,1 3 4 5 7 11 4758,793/4765,793/4765,True,794/4765,,,0.196
B:r=790,B,790,1 3 4 5 7 11 4764,794/4771,794/4771,True,795/4771,,,0.108
B:r=791,B,791,1 3 4 5 7 11 4770,795/4777,795/4777,True,796/4777,,,0.196
B:r=792,B,792,1 3 4 5 7 11 4776,796/4783,796/4783,True,797/4783,,,0.195
B:r=793,B,793,1 3 4 5 7 11 4782,797/4789,797/4789,True,798/4789,,,0.108
B:r=794,B,794,1 3 4 5 7 11 4788,114/685,114/685,True,799/4795,,,0.196
B:r=795,B,795,1 3 4 5 7 11 4794,799/4801,799/4801,True,800/4801,,,0.196
B:r=796,B,796,1 3 4 5 7 11 4800,800/4807,800/4807,True,801/4807,,,0.196
B:r=797,B,797,1 3 4 5 7 11 4806,801/4813,801/4813,True,802/4813,,,0.108
B:r=798,B,798,1 3 4 5 7 11 4812,802/4819,802/4819,True,803/4819,,,0.102
B:r=799,B,799,1 3 4 5 7 11 4818,803/4825,803/4825,True,804/4825,,,0.196
B:r=800,B,800,1 3 4 5 7 11 4824,804/4831,804/4831,True,805/4831,,,0.196
B:r=801,B,801,1 3 4 5 7 11 4830,115/691,115/691,True,806/4837,,,0.109
B:r=802,B,802,1 3 4 5 7 11 4836,806/4843,806/4843,True,807/4843,,,0.288
B:r=803,B,803,1 3 4 5 7 11 4842,807/4849,807/4849,True,808/4849,,,0.309
B:r=804,B,804,1 3 4 5 7 11 4848,808/4855,808/4855,True,809/4855,,,0.394
B:r=805,B,805,1 3 4 5 7 11 4854,809/4861,809/4861,True,810/4861,,,0.303
B:r=806,B,806,1 3 4 5 7 11 4860,810/4867,810/4867,True,811/4867,,,0.297
B:r=807,B,807,1 3 4 5 7 11 4866,811/4873,811/4873,True,812/4873,,,0.112
B:r=808,B,808,1 3 4 5 7 11 4872,116/697,116/697,True,813/4879,,,0.294
B:r=809,B,809,1 3 4 5 7 11 4878,813/4885,813/4885,True,814/4885,,,0.391
B:r=810,B,810,1 3 4 5 7 11 4884,814/4891,814/4891,True,815/4891,,,0.108
B:r=811,B,811,1 3 4 5 7 11 4890,815/4897,815/4897,True,816/4897,,,0.197
B:r=812,B,812,1 3 4 5 7 11 4896,816/4903,816/4903,True,817/4903,,,0.196
B:r=813,B,813,1 3 4 5 7 11 4902,817/4909,817/4909,True,818/4909,,,0.109
B:r=814,B,814,1 3 4 5 7 11 4908,818/4915,818/4915,True,819/4915,,,0.196
B:r=815,B,815,1 3 4 5 7 11 4914,117/703,117/703,True,820/4921,,,0.196
B:r=816,B,816,1 3 4 5 7 11 4920,820/4927,820/4927,True,821/4927,,,0.109
B:r=817,B,817,1 3 4 5 7 11 4926,821/4933,821/4933,True,822/4933,,,0.198
B:r=818,B,818,1 3 4 5 7 11 4932,822/4939,822/4939,True,823/4939,,,0.198
B:r=819,B,819,1 3 4 5 7 11 4938,823/4945,823/4945,True,824/4945,,,0.197
B:r=820,B,820,1 3 4 5 7 11 4944,824/4951,824/4951,True,825/4951,,,0.196
B:r=821,B,821,1 3 4 5 7 11 4950,825/4957,825/4957,True,826/4957,,,0.109
B:r=822,B,822,1 3 4 5 7 11 4956,118/709,118/709,True,827/4963,,,0.197
B:r=823,B,823,1 3 4 5 7 11 4962,827/4969,827/4969,True,828/4969,,,0.197
B:r=824,B,824,1 3 4 5 7 11 4968,828/4975,828/4975,True,829/4975,,,0.201
B:r=825,B,825,1 3 4 5 7 11 4974,829/4981,829/4981,True,830/4981,,,0.196
B:r=826,B,826,1 3 4 5 7 11 4980,830/4987,830/4987,True,831/4987,,,0.109
B:r=827,B,827,1 3 4 5 7 11 4986,831/4993,831/4993,True,832/4993,,,0.196
B:r=828,B,828,1 3 4 5 7 11 4992,832/4999,832/4999,True,833/4999,,,0.197
B:r=829,B,829,1 3 4 5 7 11 4998,119/715,119/715,True,834/5005,,,0.107
B:r=830,B,830,1 3 4 5 7 11 5004,834/5011,834/5011,True,835/5011,,,0.196
B:r=831,B,831,1 3 4 5 7 11 5010,835/5017,835/5017,True,836/5017,,,0.196
B:r=832,B,832,1 3 4 5 7 11 5016,836/5023,836/5023,True,837/5023,,,0.207
B:r=833,B,833,1 3 4 5 7 11 5022,837/5029,837/5029,True,838/5029,,,0.301
B:r=834,B,834,1 3 4 5 7 11 5028,838/5035,838/5035,True,839/5035,,,0.299
B:r=835,B,835,1 3 4 5 7 11 5034,839/5041,839/5041,True,840/5041,,,0.391
B:r=836,B,836,1 3 4 5 7 11 5040,120/721,120/721,True,841/5047,,,0.209
B:r=837,B,837,1 3 4 5 7 11 5046,841/5053,841/5053,True,842/5053,,,0.301
B:r=838,B,838,1 3 4 5 7 11 5052,842/5059,842/5059,True,843/5059,,,0.298
B:r=839,B,839,1 3 4 5 7 11 5058,843/5065,843/5065,True,844/5065,,,0.298
B:r=840,B,840,1 3 4 5 7 11 5064,844/5071,844/5071,True,845/5071,,,0.295
B:r=841,B,841,1 3 4 5 7 11 5070,845/5077,845/5077,True,846/5077,,,0.299
B:r=842,B,842,1 3 4 5 7 11 5076,846/5083,846/5083,True,847/5083,,,0.299
B:r=843,B,843,1 3 4 5 7 11 5082,121/727,121/727,True,848/5089,,,0.302
B:r=844,B,844,1 3 4 5 7 11 5088,848/5095,848/5095,True,849/5095,,,0.309
B:r=845,B,845,1 3 4 5 7 11 5094,849/5101,849/5101,True,850/5101,,,0.396
B:r=846,B,846,1 3 4 5 7 11 5100,850/5107,850/5107,True,851/5107,,,0.396
B:r=847,B,847,1 3 4 5 7 11 5106,851/5113,851/5113,True,852/5113,,,0.304
B:r=848,B,848,1 3 4 5 7 11 5112,852/5119,852/5119,True,853/5119,,,0.203
B:r=849,B,849,1 3 4 5 7 11 5118,853/5125,853/5125,True,854/5125,,,0.497
B:r=850,B,850,1 3 4 5 7 11 5124,122/733,122/733,True,855/5131,,,0.393
B:r=851,B,851,1 3 4 5 7 11 5130,855/5137,855/5137,True,856/5137,,,0.21
B:r=852,B,852,1 3 4 5 7 11 5136,856/5143,856/5143,True,857/5143,,,0.302
B:r=853,B,853,1 3 4 5 7 11 5142,857/5149,857/5149,True,858/5149,,,0.3
B:r=854,B,854,1 3 4 5 7 11 5148,858/5155,858/5155,True,859/5155,,,0.39
B:r=855,B,855,1 3 4 5 7 11 5154,859/5161,859/5161,True,860/5161,,,0.302
B:r=856,B,856,1 3 4 5 7 11 5160,860/5167,860/5167,True,861/5167,,,0.302
B:r=857,B,857,1 3 4 5 7 11 5166,123/739,123/739,True,862/5173,,,0.3
B:r=858,B,858,1 3 4 5 7 11 5172,862/5179,862/5179,True,863/5179,,,0.304
B:r=859,B,859,1 3 4 5 7 11 5178,863/5185,863/5185,True,864/5185,,,0.302
B:r=860,B,860,1 3 4 5 7 11 5184,864/5191,864/5191,True,865/5191,,,0.395
B:r=861,B,861,1 3 4 5 7 11 5190,865/5197,865/5197,True,866/5197,,,0.395
B:r=862,B,862,1 3 4 5 7 11 5196,866/5203,866/5203,True,867/5203,,,0.308
B:r=863,B,863,1 3 4 5 7 11 5202,867/5209,867/5209,True,868/5209,,,0.299
B:r=864,B,864,1 3 4 5 7 11 5208,124/745,124/745,True,869/5215,,,0.402
B:r=865,B,865,1 3 4 5 7 11 5214,869/5221,869/5221,True,870/5221,,,0.489
B:r=866,B,866,1 3 4 5 7 11 5220,870/5227,870/5227,True,871/5227,,,0.503
B:r=867,B,867,1 3 4 5 7 11 5226,871/5233,871/5233,True,872/5233,,,0.397
B:r=868,B,868,1 3 4 5 7 11 5232,872/5239,872/5239,True,873/5239,,,0.311
B:r=869,B,869,1 3 4 5 7 11 5238,873/5245,873/5245,True,874/5245,,,0.198
B:r=870,B,870,1 3 4 5 7 11 5244,874/5251,874/5251,True,875/5251,,,0.2
B:r=871,B,871,1 3 4 5 7 11 5250,125/751,125/751,True,876/5257,,,0.197
B:r=872,B,872,1 3 4 5 7 11 5256,876/5263,876/5263,True,877/5263,,,0.203
B:r=873,B,873,1 3 4 5 7 11 5262,877/5269,877/5269,True,878/5269,,,0.198
B:r=874,B,874,1 3 4 5 7 11 5268,878/5275,878/5275,True,879/5275,,,0.197
B:r=875,B,875,1 3 4 5 7 11 5274,879/5281,879/5281,True,880/5281,,,0.198
B:r=876,B,876,1 3 4 5 7 11 5280,880/5287,880/5287,True,881/5287,,,0.198
B:r=877,B,877,1 3 4 5 7 11 5286,881/5293,881/5293,True,882/5293,,,0.199
B:r=878,B,878,1 3 4 5 7 11 5292,126/757,126/757,True,883/5299,,,0.111
B:r=879,B,879,1 3 4 5 7 11 5298,883/5305,883/5305,True,884/5305,,,0.294
B:r=880,B,880,1 3 4 5 7 11 5304,884/5311,884/5311,True,885/5311,,,0.299
B:r=881,B,881,1 3 4 5 7 11 5310,885/5317,885/5317,True,886/5317,,,0.306
B:r=882,B,882,1 3 4 5 7 11 5316,886/5323,886/5323,True,887/5323,,,0.3
B:r=883,B,883,1 3 4 5 7 11 5322,887/5329,887/5329,True,888/5329,,,0.392
B:r=884,B,884,1 3 4 5 7 11 5328,888/5335,888/5335,True,889/5335,,,0.408
B:r=885,B,885,1 3 4 5 7 11 5334,127/763,127/763,True,890/5341,,,0.39
B:r=886,B,886,1 3 4 5 7 11 5340,890/5347,890/5347,True,891/5347,,,0.31
B:r=887,B,887,1 3 4 5 7 11 5346,891/5353,891/5353,True,892/5353,,,0.393
B:r=888,B,888,1 3 4 5 7 11 5352,892/5359,892/5359,True,893/5359,,,0.308
B:r=889,B,889,1 3 4 5 7 11 5358,893/5365,893/5365,True,894/5365,,,0.392
B:r=890,B,890,1 3 4 5 7 11 5364,894/5371,894/5371,True,895/5371,,,0.303
B:r=891,B,891,1 3 4 5 7 11 5370,895/5377,895/5377,True,896/5377,,,0.394
B:r=892,B,892,1 3 4 5 7 11 5376,128/769,128/769,True,897/5383,,,0.307
B:r=893,B,893,1 3 4 5 7 11 5382,897/5389,897/5389,True,898/5389,,,0.302
B:r=894,B,894,1 3 4 5 7 11 5388,898/5395,898/5395,True,899/5395,,,0.302
B:r=895,B,895,1 3 4 5 7 11 5394,899/5401,899/5401,True,900/5401,,,0.395
B:r=896,B,896,1 3 4 5 7 11 5400,900/5407,900/5407,True,901/5407,,,0.496
B:r=897,B,897,1 3 4 5 7 11 5406,901/5413,901/5413,True,902/5413,,,0.401
B:r=898,B,898,1 3 4 5 7 11 5412,902/5419,902/5419,True,903/5419,,,0.309
B:r=899,B,899,1 3 4 5 7 11 5418,129/775,129/775,True,904/5425,,,0.397
B:r=900,B,900,1 3 4 5 7 11 5424,904/5431,904/5431,True,905/5431,,,0.395
B:r=901,B,901,1 3 4 5 7 11 5430,905/5437,905/5437,True,906/5437,,,0.4
B:r=902,B,902,1 3 4 5 7 11 5436,906/5443,906/5443,True,907/5443,,,0.397
B:r=903,B,903,1 3 4 5 7 11 5442,907/5449,907/5449,True,908/5449,,,0.303
B:r=904,B,904,1 3 4 5 7 11 5448,908/5455,908/5455,True,909/5455,,,0.308
B:r=905,B,905,1 3 4 5 7 11 5454,909/5461,909/5461,True,910/5461,,,0.389
B:r=906,B,906,1 3 4 5 7 11 5460,130/781,130/781,True,911/5467,,,0.303
B:r=907,B,907,1 3 4 5 7 11 5466,911/5473,911/5473,True,912/5473,,,0.303
B:r=908,B,908,1 3 4 5 7 11 5472,912/5479,912/5479,True,913/5479,,,0.304
B:r=909,B,909,1 3 4 5 7 11 5478,913/5485,913/5485,True,914/5485,,,0.491
B:r=910,B,910,1 3 4 5 7 11 5484,914/5491,914/5491,True,915/5491,,,0.409
B:r=911,B,911,1 3 4 5 7 11 5490,915/5497,915/5497,True,916/5497,,,0.388
B:r=912,B,912,1 3 4 5 7 11 5496,916/5503,916/5503,True,917/5503,,,0.308
B:r=913,B,913,1 3 4 5 7 11 5502,131/787,131/787,True,918/5509,,,0.304
B:r=914,B,914,1 3 4 5 7 11 5508,918/5515,918/5515,True,919/5515,,,0.396
B:r=915,B,915,1 3 4 5 7 11 5514,919/5521,919/5521,True,920/5521,,,0.295
B:r=916,B,916,1 3 4 5 7 11 5520,920/5527,920/5527,True,921/5527,,,0.199
B:r=917,B,917,1 3 4 5 7 11 5526,921/5533,921/5533,True,922/5533,,,0.199
B:r=918,B,918,1 3 4 5 7 11 5532,922/5539,922/5539,True,923/5539,,,0.2
B:r=919,B,919,1 3 4 5 7 11 5538,923/5545,923/5545,True,924/5545,,,0.199
B:r=920,B,920,1 3 4 5 7 11 5544,132/793,132/793,True,925/5551,,,0.111
B:r=921,B,921,1 3 4 5 7 11 5550,925/5557,925/5557,True,926/5557,,,0.2
B:r=922,B,922,1 3 4 5 7 11 5556,926/5563,926/5563,True,927/5563,,,0.296
B:r=923,B,923,1 3 4 5 7 11 5562,927/5569,927/5569,True,928/5569,,,0.399
B:r=924,B,924,1 3 4 5 7 11 5568,928/5575,928/5575,True,929/5575,,,0.305
B:r=925,B,925,1 3 4 5 7 11 5574,929/5581,929/5581,True,930/5581,,,0.394
B:r=926,B,926,1 3 4 5 7 11 5580,930/5587,930/5587,True,931/5587,,,0.402
B:r=927,B,927,1 3 4 5 7 11 5586,133/799,133/799,True,932/5593,,,0.396
B:r=928,B,928,1 3 4 5 7 11 5592,932/5599,932/5599,True,933/5599,,,0.307
B:r=929,B,929,1 3 4 5 7 11 5598,933/5605,933/5605,True,934/5605,,,0.395
B:r=930,B,930,1 3 4 5 7 11 5604,934/5611,934/5611,True,935/5611,,,0.396
B:r=931,B,931,1 3 4 5 7 11 5610,935/5617,935/5617,True,936/5617,,,0.304
B:r=932,B,932,1 3 4 5 7 11 5616,936/5623,936/5623,True,937/5623,,,0.307
B:r=933,B,933,1 3 4 5 7 11 5622,937/5629,937/5629,True,938/5629,,,0.301
B:r=934,B,934,1 3 4 5 7 11 5628,134/805,134/805,True,939/5635,,,0.304
B:r=935,B,935,1 3 4 5 7 11 5634,939/5641,939/5641,True,940/5641,,,0.401
B:r=936,B,936,1 3 4 5 7 11 5640,940/5647,940/5647,True,941/5647,,,0.402
B:r=937,B,937,1 3 4 5 7 11 5646,941/5653,941/5653,True,942/5653,,,0.403
B:r=938,B,938,1 3 4 5 7 11 5652,942/5659,942/5659,True,943/5659,,,0.396
B:r=939,B,939,1 3 4 5 7 11 5658,943/5665,943/5665,True,944/5665,,,0.397
B:r=940,B,940,1 3 4 5 7 11 5664,944/5671,944/5671,True,945/5671,,,0.401
B:r=941,B,941,1 3 4 5 7 11 5670,135/811,135/811,True,946/5677,,,0.397
B:r=942,B,942,1 3 4 5 7 11 5676,946/5683,946/5683,True,947/5683,,,0.305
B:r=943,B,943,1 3 4 5 7 11 5682,947/5689,947/5689,True,948/5689,,,0.394
B:r=944,B,944,1 3 4 5 7 11 5688,948/5695,948/5695,True,949/5695,,,0.308
B:r=945,B,945,1 3 4 5 7 11 5694,949/5701,949/5701,True,950/5701,,,0.396
B:r=946,B,946,1 3 4 5 7 11 5700,950/5707,950/5707,True,951/5707,,,0.396
B:r=947,B,947,1 3 4 5 7 11 5706,951/5713,951/5713,True,952/5713,,,0.31
B:r=948,B,948,1 3 4 5 7 11 5712,136/817,136/817,True,953/5719,,,0.4
B:r=949,B,949,1 3 4 5 7 11 5718,953/5725,953/5725,True,954/5725,,,0.491
B:r=950,B,950,1 3 4 5 7 11 5724,954/5731,954/5731,True,955/5731,,,0.305
B:r=951,B,951,1 3 4 5 7 11 5730,955/5737,955/5737,True,956/5737,,,0.304
B:r=952,B,952,1 3 4 5 7 11 5736,956/5743,956/5743,True,957/5743,,,0.395
B:r=953,B,953,1 3 4 5 7 11 5742,957/5749,957/5749,True,958/5749,,,0.304
B:r=954,B,954,1 3 4 5 7 11 5748,958/5755,958/5755,True,959/5755,,,0.291
B:r=955,B,955,1 3 4 5 7 11 5754,137/823,137/823,True,960/5761,,,0.403
B:r=956,B,956,1 3 4 5 7 11 5760,960/5767,960/5767,True,961/5767,,,0.204
B:r=957,B,957,1 3 4 5 7 11 5766,961/5773,961/5773,True,962/5773,,,0.398
B:r=958,B,958,1 3 4 5 7 11 5772,962/5779,962/5779,True,963/5779,,,0.295
B:r=959,B,959,1 3 4 5 7 11 5778,963/5785,963/5785,True,964/5785,,,0.308
B:r=960,B,960,1 3 4 5 7 11 5784,964/5791,964/5791,True,965/5791,,,0.394
B:r=961,B,961,1 3 4 5 7 11 5790,965/5797,965/5797,True,966/5797,,,0.305
B:r=962,B,962,1 3 4 5 7 11 5796,138/829,138/829,True,967/5803,,,0.394
B:r=963,B,963,1 3 4 5 7 11 5802,967/5809,967/5809,True,968/5809,,,0.304
B:r=964,B,964,1 3 4 5 7 11 5808,968/5815,968/5815,True,969/5815,,,0.398
B:r=965,B,965,1 3 4 5 7 11 5814,969/5821,969/5821,True,970/5821,,,0.306
B:r=966,B,966,1 3 4 5 7 11 5820,970/5827,970/5827,True,971/5827,,,0.49
B:r=967,B,967,1 3 4 5 7 11 5826,971/5833,971/5833,True,972/5833,,,0.31
B:r=968,B,968,1 3 4 5 7 11 5832,972/5839,972/5839,True,973/5839,,,0.29
B:r=969,B,969,1 3 4 5 7 11 5838,139/835,139/835,True,974/5845,,,0.304
B:r=970,B,970,1 3 4 5 7 11 5844,974/5851,974/5851,True,975/5851,,,0.208
B:r=971,B,971,1 3 4 5 7 11 5850,975/5857,975/5857,True,976/5857,,,0.387
B:r=972,B,972,1 3 4 5 7 11 5856,976/5863,976/5863,True,977/5863,,,0.309
B:r=973,B,973,1 3 4 5 7 11 5862,977/5869,977/5869,True,978/5869,,,0.398
B:r=974,B,974,1 3 4 5 7 11 5868,978/5875,978/5875,True,979/5875,,,0.402
B:r=975,B,975,1 3 4 5 7 11 5874,979/5881,979/5881,True,980/5881,,,0.296
B:r=976,B,976,1 3 4 5 7 11 5880,140/841,140/841,True,981/5887,,,0.306
B:r=977,B,977,1 3 4 5 7 11 5886,981/5893,981/5893,True,982/5893,,,0.394
B:r=978,B,978,1 3 4 5 7 11 5892,982/5899,982/5899,True,983/5899,,,0.404
B:r=979,B,979,1 3 4 5 7 11 5898,983/5905,983/5905,True,984/5905,,,0.393
B:r=980,B,980,1 3 4 5 7 11 5904,984/5911,984/5911,True,985/5911,,,0.304
B:r=981,B,981,1 3 4 5 7 11 5910,985/5917,985/5917,True,986/5917,,,0.494
B:r=982,B,982,1 3 4 5 7 11 5916,986/5923,986/5923,True,987/5923,,,0.399
B:r=983,B,983,1 3 4 5 7 11 5922,141/847,141/847,True,988/5929,,,0.308
B:r=984,B,984,1 3 4 5 7 11 5928,988/5935,988/5935,True,989/5935,,,0.396
B:r=985,B,985,1 3 4 5 7 11 5934,989/5941,989/5941,True,990/5941,,,0.396
B:r=986,B,986,1 3 4 5 7 11 5940,990/5947,990/5947,True,991/5947,,,0.308
B:r=987,B,987,1 3 4 5 7 11 5946,991/5953,991/5953,True,992/5953,,,0.395
B:r=988,B,988,1 3 4 5 7 11 5952,992/5959,992/5959,True,993/5959,,,0.309
B:r=989,B,989,1 3 4 5 7 11 5958,993/5965,993/5965,True,994/5965,,,0.395
B:r=990,B,990,1 3 4 5 7 11 5964,142/853,142/853,True,995/5971,,,0.396
B:r=991,B,991,1 3 4 5 7 11 5970,995/5977,995/5977,True,996/5977,,,0.31
B:r=992,B,992,1 3 4 5 7 11 5976,996/5983,996/5983,True,997/5983,,,0.395
B:r=993,B,993,1 3 4 5 7 11 5982,997/5989,997/5989,True,998/5989,,,0.396
B:r=994,B,994,1 3 4 5 7 11 5988,998/5995,998/5995,True,999/5995,,,0.305
B:r=995,B,995,1 3 4 5 7 11 5994,999/6001,999/6001,True,1000/6001,,,0.404
B:r=996,B,996,1 3 4 5 7 11 6000,1000/6007,1000/6007,True,1001/6007,,,0.488
B:r=997,B,997,1 3 4 5 7 11 6006,143/859,143/859,True,1002/6013,,,0.309
B:r=998,B,998,1 3 4 5 7 11 6012,1002/6019,1002/6019,True,1003/6019,,,0.397
B:r=999,B,999,1 3 4 5 7 11 6018,1003/6025,1003/6025,True,1004/6025,,,0.401
B:r=1000,B,1000,1 3 4 5 7 11 6024,1004/6031,1004/6031,True,1005/6031,,,0.402
